desc_id,vector_id,sample_k,sent_id,pair_id,frame,entity,lang,mention_script,cell_type,site,mse,cos,desc_lang,desc_len
LIFE-12|zh|baseline|hanzi#000#siteA#k0,LIFE-12|zh|baseline|hanzi#000#siteA,0,LIFE-12|zh|baseline|hanzi#000,LIFE-12,LIFE,Taiwan,zh,hanzi,baseline,A,0.202419,0.89879,en,549
LIFE-12|zh|baseline|hanzi#000#siteA#k1,LIFE-12|zh|baseline|hanzi#000#siteA,1,LIFE-12|zh|baseline|hanzi#000,LIFE-12,LIFE,Taiwan,zh,hanzi,baseline,A,0.216424,0.891788,en,565
LIFE-12|zh|baseline|hanzi#000#siteA#k2,LIFE-12|zh|baseline|hanzi#000#siteA,2,LIFE-12|zh|baseline|hanzi#000,LIFE-12,LIFE,Taiwan,zh,hanzi,baseline,A,0.197252,0.901374,en,538
LIFE-12|zh|baseline|hanzi#000#siteA#k3,LIFE-12|zh|baseline|hanzi#000#siteA,3,LIFE-12|zh|baseline|hanzi#000,LIFE-12,LIFE,Taiwan,zh,hanzi,baseline,A,0.212576,0.893712,en,557
LIFE-12|zh|baseline|hanzi#000#siteA#k4,LIFE-12|zh|baseline|hanzi#000#siteA,4,LIFE-12|zh|baseline|hanzi#000,LIFE-12,LIFE,Taiwan,zh,hanzi,baseline,A,0.226818,0.886591,en,564
LIFE-12|zh|baseline|hanzi#000#siteB#k0,LIFE-12|zh|baseline|hanzi#000#siteB,0,LIFE-12|zh|baseline|hanzi#000,LIFE-12,LIFE,Taiwan,zh,hanzi,baseline,B,0.197443,0.901279,en,560
LIFE-12|zh|baseline|hanzi#000#siteB#k1,LIFE-12|zh|baseline|hanzi#000#siteB,1,LIFE-12|zh|baseline|hanzi#000,LIFE-12,LIFE,Taiwan,zh,hanzi,baseline,B,0.186839,0.906581,mixed,469
LIFE-12|zh|baseline|hanzi#000#siteB#k2,LIFE-12|zh|baseline|hanzi#000#siteB,2,LIFE-12|zh|baseline|hanzi#000,LIFE-12,LIFE,Taiwan,zh,hanzi,baseline,B,0.183354,0.908323,mixed,470
LIFE-12|zh|baseline|hanzi#000#siteB#k3,LIFE-12|zh|baseline|hanzi#000#siteB,3,LIFE-12|zh|baseline|hanzi#000,LIFE-12,LIFE,Taiwan,zh,hanzi,baseline,B,0.192202,0.903899,mixed,455
LIFE-12|zh|baseline|hanzi#000#siteB#k4,LIFE-12|zh|baseline|hanzi#000#siteB,4,LIFE-12|zh|baseline|hanzi#000,LIFE-12,LIFE,Taiwan,zh,hanzi,baseline,B,0.179135,0.910433,mixed,440
POL-DOM-07|zh|baseline|hanzi#001#siteA#k0,POL-DOM-07|zh|baseline|hanzi#001#siteA,0,POL-DOM-07|zh|baseline|hanzi#001,POL-DOM-07,POL-DOM,Taiwan,zh,hanzi,baseline,A,0.197619,0.90119,en,581
POL-DOM-07|zh|baseline|hanzi#001#siteA#k1,POL-DOM-07|zh|baseline|hanzi#001#siteA,1,POL-DOM-07|zh|baseline|hanzi#001,POL-DOM-07,POL-DOM,Taiwan,zh,hanzi,baseline,A,0.205357,0.897321,en,645
POL-DOM-07|zh|baseline|hanzi#001#siteA#k2,POL-DOM-07|zh|baseline|hanzi#001#siteA,2,POL-DOM-07|zh|baseline|hanzi#001,POL-DOM-07,POL-DOM,Taiwan,zh,hanzi,baseline,A,0.188365,0.905818,en,522
POL-DOM-07|zh|baseline|hanzi#001#siteA#k3,POL-DOM-07|zh|baseline|hanzi#001#siteA,3,POL-DOM-07|zh|baseline|hanzi#001,POL-DOM-07,POL-DOM,Taiwan,zh,hanzi,baseline,A,0.161791,0.919105,en,539
POL-DOM-07|zh|baseline|hanzi#001#siteA#k4,POL-DOM-07|zh|baseline|hanzi#001#siteA,4,POL-DOM-07|zh|baseline|hanzi#001,POL-DOM-07,POL-DOM,Taiwan,zh,hanzi,baseline,A,0.191201,0.9044,en,554
POL-DOM-07|zh|baseline|hanzi#001#siteB#k0,POL-DOM-07|zh|baseline|hanzi#001#siteB,0,POL-DOM-07|zh|baseline|hanzi#001,POL-DOM-07,POL-DOM,Taiwan,zh,hanzi,baseline,B,0.200779,0.899611,mixed,457
POL-DOM-07|zh|baseline|hanzi#001#siteB#k1,POL-DOM-07|zh|baseline|hanzi#001#siteB,1,POL-DOM-07|zh|baseline|hanzi#001,POL-DOM-07,POL-DOM,Taiwan,zh,hanzi,baseline,B,0.224075,0.887963,mixed,486
POL-DOM-07|zh|baseline|hanzi#001#siteB#k2,POL-DOM-07|zh|baseline|hanzi#001#siteB,2,POL-DOM-07|zh|baseline|hanzi#001,POL-DOM-07,POL-DOM,Taiwan,zh,hanzi,baseline,B,0.203428,0.898286,mixed,510
POL-DOM-07|zh|baseline|hanzi#001#siteB#k3,POL-DOM-07|zh|baseline|hanzi#001#siteB,3,POL-DOM-07|zh|baseline|hanzi#001,POL-DOM-07,POL-DOM,Taiwan,zh,hanzi,baseline,B,0.220923,0.889539,mixed,511
POL-DOM-07|zh|baseline|hanzi#001#siteB#k4,POL-DOM-07|zh|baseline|hanzi#001#siteB,4,POL-DOM-07|zh|baseline|hanzi#001,POL-DOM-07,POL-DOM,Taiwan,zh,hanzi,baseline,B,0.216361,0.89182,mixed,542
GEO-C04-JP|en|baseline|latin#002#siteA#k0,GEO-C04-JP|en|baseline|latin#002#siteA,0,GEO-C04-JP|en|baseline|latin#002,GEO-C04-JP,GEO,Japan,en,latin,baseline,A,0.167263,0.916369,en,727
GEO-C04-JP|en|baseline|latin#002#siteA#k1,GEO-C04-JP|en|baseline|latin#002#siteA,1,GEO-C04-JP|en|baseline|latin#002,GEO-C04-JP,GEO,Japan,en,latin,baseline,A,0.155116,0.922442,en,742
GEO-C04-JP|en|baseline|latin#002#siteA#k2,GEO-C04-JP|en|baseline|latin#002#siteA,2,GEO-C04-JP|en|baseline|latin#002,GEO-C04-JP,GEO,Japan,en,latin,baseline,A,0.177611,0.911194,en,711
GEO-C04-JP|en|baseline|latin#002#siteA#k3,GEO-C04-JP|en|baseline|latin#002#siteA,3,GEO-C04-JP|en|baseline|latin#002,GEO-C04-JP,GEO,Japan,en,latin,baseline,A,0.160516,0.919742,en,758
GEO-C04-JP|en|baseline|latin#002#siteA#k4,GEO-C04-JP|en|baseline|latin#002#siteA,4,GEO-C04-JP|en|baseline|latin#002,GEO-C04-JP,GEO,Japan,en,latin,baseline,A,0.183266,0.908367,en,733
GEO-C04-JP|en|baseline|latin#002#siteB#k0,GEO-C04-JP|en|baseline|latin#002#siteB,0,GEO-C04-JP|en|baseline|latin#002,GEO-C04-JP,GEO,Japan,en,latin,baseline,B,0.198334,0.900833,en,807
GEO-C04-JP|en|baseline|latin#002#siteB#k1,GEO-C04-JP|en|baseline|latin#002#siteB,1,GEO-C04-JP|en|baseline|latin#002,GEO-C04-JP,GEO,Japan,en,latin,baseline,B,0.206437,0.896781,en,791
GEO-C04-JP|en|baseline|latin#002#siteB#k2,GEO-C04-JP|en|baseline|latin#002#siteB,2,GEO-C04-JP|en|baseline|latin#002,GEO-C04-JP,GEO,Japan,en,latin,baseline,B,0.193085,0.903457,en,791
GEO-C04-JP|en|baseline|latin#002#siteB#k3,GEO-C04-JP|en|baseline|latin#002#siteB,3,GEO-C04-JP|en|baseline|latin#002,GEO-C04-JP,GEO,Japan,en,latin,baseline,B,0.206163,0.896919,en,794
GEO-C04-JP|en|baseline|latin#002#siteB#k4,GEO-C04-JP|en|baseline|latin#002#siteB,4,GEO-C04-JP|en|baseline|latin#002,GEO-C04-JP,GEO,Japan,en,latin,baseline,B,0.18995,0.905025,en,783
TRAV-07|en|baseline|latin#003#siteA#k0,TRAV-07|en|baseline|latin#003#siteA,0,TRAV-07|en|baseline|latin#003,TRAV-07,TRAV,Taiwan,en,latin,baseline,A,0.127495,0.936252,en,758
TRAV-07|en|baseline|latin#003#siteA#k1,TRAV-07|en|baseline|latin#003#siteA,1,TRAV-07|en|baseline|latin#003,TRAV-07,TRAV,Taiwan,en,latin,baseline,A,0.131809,0.934096,en,732
TRAV-07|en|baseline|latin#003#siteA#k2,TRAV-07|en|baseline|latin#003#siteA,2,TRAV-07|en|baseline|latin#003,TRAV-07,TRAV,Taiwan,en,latin,baseline,A,0.13225,0.933875,en,764
TRAV-07|en|baseline|latin#003#siteA#k3,TRAV-07|en|baseline|latin#003#siteA,3,TRAV-07|en|baseline|latin#003,TRAV-07,TRAV,Taiwan,en,latin,baseline,A,0.121446,0.939277,en,741
TRAV-07|en|baseline|latin#003#siteA#k4,TRAV-07|en|baseline|latin#003#siteA,4,TRAV-07|en|baseline|latin#003,TRAV-07,TRAV,Taiwan,en,latin,baseline,A,0.136918,0.931541,en,768
TRAV-07|en|baseline|latin#003#siteB#k0,TRAV-07|en|baseline|latin#003#siteB,0,TRAV-07|en|baseline|latin#003,TRAV-07,TRAV,Taiwan,en,latin,baseline,B,0.193019,0.903491,en,782
TRAV-07|en|baseline|latin#003#siteB#k1,TRAV-07|en|baseline|latin#003#siteB,1,TRAV-07|en|baseline|latin#003,TRAV-07,TRAV,Taiwan,en,latin,baseline,B,0.18938,0.90531,en,798
TRAV-07|en|baseline|latin#003#siteB#k2,TRAV-07|en|baseline|latin#003#siteB,2,TRAV-07|en|baseline|latin#003,TRAV-07,TRAV,Taiwan,en,latin,baseline,B,0.180286,0.909857,en,795
TRAV-07|en|baseline|latin#003#siteB#k3,TRAV-07|en|baseline|latin#003#siteB,3,TRAV-07|en|baseline|latin#003,TRAV-07,TRAV,Taiwan,en,latin,baseline,B,0.187788,0.906106,en,761
TRAV-07|en|baseline|latin#003#siteB#k4,TRAV-07|en|baseline|latin#003#siteB,4,TRAV-07|en|baseline|latin#003,TRAV-07,TRAV,Taiwan,en,latin,baseline,B,0.194959,0.90252,en,774
CUL-C04-JP|en|baseline|latin#004#siteA#k0,CUL-C04-JP|en|baseline|latin#004#siteA,0,CUL-C04-JP|en|baseline|latin#004,CUL-C04-JP,CUL,Japan,en,latin,baseline,A,0.189407,0.905296,en,748
CUL-C04-JP|en|baseline|latin#004#siteA#k1,CUL-C04-JP|en|baseline|latin#004#siteA,1,CUL-C04-JP|en|baseline|latin#004,CUL-C04-JP,CUL,Japan,en,latin,baseline,A,0.193949,0.903026,en,722
CUL-C04-JP|en|baseline|latin#004#siteA#k2,CUL-C04-JP|en|baseline|latin#004#siteA,2,CUL-C04-JP|en|baseline|latin#004,CUL-C04-JP,CUL,Japan,en,latin,baseline,A,0.213683,0.893159,en,712
CUL-C04-JP|en|baseline|latin#004#siteA#k3,CUL-C04-JP|en|baseline|latin#004#siteA,3,CUL-C04-JP|en|baseline|latin#004,CUL-C04-JP,CUL,Japan,en,latin,baseline,A,0.205734,0.897133,en,717
CUL-C04-JP|en|baseline|latin#004#siteA#k4,CUL-C04-JP|en|baseline|latin#004#siteA,4,CUL-C04-JP|en|baseline|latin#004,CUL-C04-JP,CUL,Japan,en,latin,baseline,A,0.210183,0.894908,en,723
CUL-C04-JP|en|baseline|latin#004#siteB#k0,CUL-C04-JP|en|baseline|latin#004#siteB,0,CUL-C04-JP|en|baseline|latin#004,CUL-C04-JP,CUL,Japan,en,latin,baseline,B,0.173037,0.913482,en,756
CUL-C04-JP|en|baseline|latin#004#siteB#k1,CUL-C04-JP|en|baseline|latin#004#siteB,1,CUL-C04-JP|en|baseline|latin#004,CUL-C04-JP,CUL,Japan,en,latin,baseline,B,0.186506,0.906747,en,759
CUL-C04-JP|en|baseline|latin#004#siteB#k2,CUL-C04-JP|en|baseline|latin#004#siteB,2,CUL-C04-JP|en|baseline|latin#004,CUL-C04-JP,CUL,Japan,en,latin,baseline,B,0.173196,0.913402,en,757
CUL-C04-JP|en|baseline|latin#004#siteB#k3,CUL-C04-JP|en|baseline|latin#004#siteB,3,CUL-C04-JP|en|baseline|latin#004,CUL-C04-JP,CUL,Japan,en,latin,baseline,B,0.183999,0.908001,en,751
CUL-C04-JP|en|baseline|latin#004#siteB#k4,CUL-C04-JP|en|baseline|latin#004#siteB,4,CUL-C04-JP|en|baseline|latin#004,CUL-C04-JP,CUL,Japan,en,latin,baseline,B,0.17278,0.91361,en,772
HIST-03|en|baseline|latin#005#siteA#k0,HIST-03|en|baseline|latin#005#siteA,0,HIST-03|en|baseline|latin#005,HIST-03,HIST,Taiwan,en,latin,baseline,A,0.20167,0.899165,en,736
HIST-03|en|baseline|latin#005#siteA#k1,HIST-03|en|baseline|latin#005#siteA,1,HIST-03|en|baseline|latin#005,HIST-03,HIST,Taiwan,en,latin,baseline,A,0.203197,0.898401,en,745
HIST-03|en|baseline|latin#005#siteA#k2,HIST-03|en|baseline|latin#005#siteA,2,HIST-03|en|baseline|latin#005,HIST-03,HIST,Taiwan,en,latin,baseline,A,0.206126,0.896937,en,734
HIST-03|en|baseline|latin#005#siteA#k3,HIST-03|en|baseline|latin#005#siteA,3,HIST-03|en|baseline|latin#005,HIST-03,HIST,Taiwan,en,latin,baseline,A,0.189806,0.905097,en,746
HIST-03|en|baseline|latin#005#siteA#k4,HIST-03|en|baseline|latin#005#siteA,4,HIST-03|en|baseline|latin#005,HIST-03,HIST,Taiwan,en,latin,baseline,A,0.198902,0.900549,en,765
HIST-03|en|baseline|latin#005#siteB#k0,HIST-03|en|baseline|latin#005#siteB,0,HIST-03|en|baseline|latin#005,HIST-03,HIST,Taiwan,en,latin,baseline,B,0.2969,0.85155,en,867
HIST-03|en|baseline|latin#005#siteB#k1,HIST-03|en|baseline|latin#005#siteB,1,HIST-03|en|baseline|latin#005,HIST-03,HIST,Taiwan,en,latin,baseline,B,0.301435,0.849282,en,846
HIST-03|en|baseline|latin#005#siteB#k2,HIST-03|en|baseline|latin#005#siteB,2,HIST-03|en|baseline|latin#005,HIST-03,HIST,Taiwan,en,latin,baseline,B,0.295556,0.852222,en,839
HIST-03|en|baseline|latin#005#siteB#k3,HIST-03|en|baseline|latin#005#siteB,3,HIST-03|en|baseline|latin#005,HIST-03,HIST,Taiwan,en,latin,baseline,B,0.298817,0.850592,en,818
HIST-03|en|baseline|latin#005#siteB#k4,HIST-03|en|baseline|latin#005#siteB,4,HIST-03|en|baseline|latin#005,HIST-03,HIST,Taiwan,en,latin,baseline,B,0.309296,0.845352,en,839
CUL-06|zh|baseline|hanzi#006#siteA#k0,CUL-06|zh|baseline|hanzi#006#siteA,0,CUL-06|zh|baseline|hanzi#006,CUL-06,CUL,Taiwan,zh,hanzi,baseline,A,0.181529,0.909236,en,575
CUL-06|zh|baseline|hanzi#006#siteA#k1,CUL-06|zh|baseline|hanzi#006#siteA,1,CUL-06|zh|baseline|hanzi#006,CUL-06,CUL,Taiwan,zh,hanzi,baseline,A,0.162109,0.918946,en,573
CUL-06|zh|baseline|hanzi#006#siteA#k2,CUL-06|zh|baseline|hanzi#006#siteA,2,CUL-06|zh|baseline|hanzi#006,CUL-06,CUL,Taiwan,zh,hanzi,baseline,A,0.164836,0.917582,en,517
CUL-06|zh|baseline|hanzi#006#siteA#k3,CUL-06|zh|baseline|hanzi#006#siteA,3,CUL-06|zh|baseline|hanzi#006,CUL-06,CUL,Taiwan,zh,hanzi,baseline,A,0.181415,0.909293,en,547
CUL-06|zh|baseline|hanzi#006#siteA#k4,CUL-06|zh|baseline|hanzi#006#siteA,4,CUL-06|zh|baseline|hanzi#006,CUL-06,CUL,Taiwan,zh,hanzi,baseline,A,0.161773,0.919114,en,535
CUL-06|zh|baseline|hanzi#006#siteB#k0,CUL-06|zh|baseline|hanzi#006#siteB,0,CUL-06|zh|baseline|hanzi#006,CUL-06,CUL,Taiwan,zh,hanzi,baseline,B,0.169424,0.915288,en,514
CUL-06|zh|baseline|hanzi#006#siteB#k1,CUL-06|zh|baseline|hanzi#006#siteB,1,CUL-06|zh|baseline|hanzi#006,CUL-06,CUL,Taiwan,zh,hanzi,baseline,B,0.172253,0.913873,en,536
CUL-06|zh|baseline|hanzi#006#siteB#k2,CUL-06|zh|baseline|hanzi#006#siteB,2,CUL-06|zh|baseline|hanzi#006,CUL-06,CUL,Taiwan,zh,hanzi,baseline,B,0.172679,0.913661,en,553
CUL-06|zh|baseline|hanzi#006#siteB#k3,CUL-06|zh|baseline|hanzi#006#siteB,3,CUL-06|zh|baseline|hanzi#006,CUL-06,CUL,Taiwan,zh,hanzi,baseline,B,0.174601,0.912699,mixed,511
CUL-06|zh|baseline|hanzi#006#siteB#k4,CUL-06|zh|baseline|hanzi#006#siteB,4,CUL-06|zh|baseline|hanzi#006,CUL-06,CUL,Taiwan,zh,hanzi,baseline,B,0.173648,0.913176,mixed,524
HIST-05|zh|baseline|hanzi#007#siteA#k0,HIST-05|zh|baseline|hanzi#007#siteA,0,HIST-05|zh|baseline|hanzi#007,HIST-05,HIST,Taiwan,zh,hanzi,baseline,A,0.153631,0.923184,en,567
HIST-05|zh|baseline|hanzi#007#siteA#k1,HIST-05|zh|baseline|hanzi#007#siteA,1,HIST-05|zh|baseline|hanzi#007,HIST-05,HIST,Taiwan,zh,hanzi,baseline,A,0.166916,0.916542,en,572
HIST-05|zh|baseline|hanzi#007#siteA#k2,HIST-05|zh|baseline|hanzi#007#siteA,2,HIST-05|zh|baseline|hanzi#007,HIST-05,HIST,Taiwan,zh,hanzi,baseline,A,0.154969,0.922516,en,582
HIST-05|zh|baseline|hanzi#007#siteA#k3,HIST-05|zh|baseline|hanzi#007#siteA,3,HIST-05|zh|baseline|hanzi#007,HIST-05,HIST,Taiwan,zh,hanzi,baseline,A,0.148552,0.925724,en,595
HIST-05|zh|baseline|hanzi#007#siteA#k4,HIST-05|zh|baseline|hanzi#007#siteA,4,HIST-05|zh|baseline|hanzi#007,HIST-05,HIST,Taiwan,zh,hanzi,baseline,A,0.165188,0.917406,en,634
HIST-05|zh|baseline|hanzi#007#siteB#k0,HIST-05|zh|baseline|hanzi#007#siteB,0,HIST-05|zh|baseline|hanzi#007,HIST-05,HIST,Taiwan,zh,hanzi,baseline,B,0.156555,0.921723,mixed,538
HIST-05|zh|baseline|hanzi#007#siteB#k1,HIST-05|zh|baseline|hanzi#007#siteB,1,HIST-05|zh|baseline|hanzi#007,HIST-05,HIST,Taiwan,zh,hanzi,baseline,B,0.145309,0.927345,mixed,543
HIST-05|zh|baseline|hanzi#007#siteB#k2,HIST-05|zh|baseline|hanzi#007#siteB,2,HIST-05|zh|baseline|hanzi#007,HIST-05,HIST,Taiwan,zh,hanzi,baseline,B,0.149963,0.925019,mixed,529
HIST-05|zh|baseline|hanzi#007#siteB#k3,HIST-05|zh|baseline|hanzi#007#siteB,3,HIST-05|zh|baseline|hanzi#007,HIST-05,HIST,Taiwan,zh,hanzi,baseline,B,0.175538,0.912231,mixed,510
HIST-05|zh|baseline|hanzi#007#siteB#k4,HIST-05|zh|baseline|hanzi#007#siteB,4,HIST-05|zh|baseline|hanzi#007,HIST-05,HIST,Taiwan,zh,hanzi,baseline,B,0.146655,0.926673,mixed,533
POL-INT-03|zh|baseline|hanzi#008#siteA#k0,POL-INT-03|zh|baseline|hanzi#008#siteA,0,POL-INT-03|zh|baseline|hanzi#008,POL-INT-03,POL-INT,Taiwan,zh,hanzi,baseline,A,0.169715,0.915143,en,588
POL-INT-03|zh|baseline|hanzi#008#siteA#k1,POL-INT-03|zh|baseline|hanzi#008#siteA,1,POL-INT-03|zh|baseline|hanzi#008,POL-INT-03,POL-INT,Taiwan,zh,hanzi,baseline,A,0.165506,0.917247,en,606
POL-INT-03|zh|baseline|hanzi#008#siteA#k2,POL-INT-03|zh|baseline|hanzi#008#siteA,2,POL-INT-03|zh|baseline|hanzi#008,POL-INT-03,POL-INT,Taiwan,zh,hanzi,baseline,A,0.175774,0.912113,en,543
POL-INT-03|zh|baseline|hanzi#008#siteA#k3,POL-INT-03|zh|baseline|hanzi#008#siteA,3,POL-INT-03|zh|baseline|hanzi#008,POL-INT-03,POL-INT,Taiwan,zh,hanzi,baseline,A,0.174702,0.912649,en,621
POL-INT-03|zh|baseline|hanzi#008#siteA#k4,POL-INT-03|zh|baseline|hanzi#008#siteA,4,POL-INT-03|zh|baseline|hanzi#008,POL-INT-03,POL-INT,Taiwan,zh,hanzi,baseline,A,0.152986,0.923507,mixed,541
POL-INT-03|zh|baseline|hanzi#008#siteB#k0,POL-INT-03|zh|baseline|hanzi#008#siteB,0,POL-INT-03|zh|baseline|hanzi#008,POL-INT-03,POL-INT,Taiwan,zh,hanzi,baseline,B,0.218969,0.890515,mixed,506
POL-INT-03|zh|baseline|hanzi#008#siteB#k1,POL-INT-03|zh|baseline|hanzi#008#siteB,1,POL-INT-03|zh|baseline|hanzi#008,POL-INT-03,POL-INT,Taiwan,zh,hanzi,baseline,B,0.235524,0.882238,en,579
POL-INT-03|zh|baseline|hanzi#008#siteB#k2,POL-INT-03|zh|baseline|hanzi#008#siteB,2,POL-INT-03|zh|baseline|hanzi#008,POL-INT-03,POL-INT,Taiwan,zh,hanzi,baseline,B,0.214018,0.892991,mixed,550
POL-INT-03|zh|baseline|hanzi#008#siteB#k3,POL-INT-03|zh|baseline|hanzi#008#siteB,3,POL-INT-03|zh|baseline|hanzi#008,POL-INT-03,POL-INT,Taiwan,zh,hanzi,baseline,B,0.218943,0.890529,mixed,508
POL-INT-03|zh|baseline|hanzi#008#siteB#k4,POL-INT-03|zh|baseline|hanzi#008#siteB,4,POL-INT-03|zh|baseline|hanzi#008,POL-INT-03,POL-INT,Taiwan,zh,hanzi,baseline,B,0.207882,0.896059,mixed,534
GEO-05|zh|codeswitch|latin#009#siteA#k0,GEO-05|zh|codeswitch|latin#009#siteA,0,GEO-05|zh|codeswitch|latin#009,GEO-05,GEO,Taiwan,zh,latin,codeswitch,A,0.285162,0.857419,en,633
GEO-05|zh|codeswitch|latin#009#siteA#k1,GEO-05|zh|codeswitch|latin#009#siteA,1,GEO-05|zh|codeswitch|latin#009,GEO-05,GEO,Taiwan,zh,latin,codeswitch,A,0.272503,0.863749,en,609
GEO-05|zh|codeswitch|latin#009#siteA#k2,GEO-05|zh|codeswitch|latin#009#siteA,2,GEO-05|zh|codeswitch|latin#009,GEO-05,GEO,Taiwan,zh,latin,codeswitch,A,0.282847,0.858577,en,679
GEO-05|zh|codeswitch|latin#009#siteA#k3,GEO-05|zh|codeswitch|latin#009#siteA,3,GEO-05|zh|codeswitch|latin#009,GEO-05,GEO,Taiwan,zh,latin,codeswitch,A,0.292787,0.853607,en,580
GEO-05|zh|codeswitch|latin#009#siteA#k4,GEO-05|zh|codeswitch|latin#009#siteA,4,GEO-05|zh|codeswitch|latin#009,GEO-05,GEO,Taiwan,zh,latin,codeswitch,A,0.265674,0.867163,en,647
GEO-05|zh|codeswitch|latin#009#siteB#k0,GEO-05|zh|codeswitch|latin#009#siteB,0,GEO-05|zh|codeswitch|latin#009,GEO-05,GEO,Taiwan,zh,latin,codeswitch,B,0.194735,0.902633,mixed,515
GEO-05|zh|codeswitch|latin#009#siteB#k1,GEO-05|zh|codeswitch|latin#009#siteB,1,GEO-05|zh|codeswitch|latin#009,GEO-05,GEO,Taiwan,zh,latin,codeswitch,B,0.182235,0.908883,mixed,444
GEO-05|zh|codeswitch|latin#009#siteB#k2,GEO-05|zh|codeswitch|latin#009#siteB,2,GEO-05|zh|codeswitch|latin#009,GEO-05,GEO,Taiwan,zh,latin,codeswitch,B,0.195277,0.902362,mixed,504
GEO-05|zh|codeswitch|latin#009#siteB#k3,GEO-05|zh|codeswitch|latin#009#siteB,3,GEO-05|zh|codeswitch|latin#009,GEO-05,GEO,Taiwan,zh,latin,codeswitch,B,0.174752,0.912624,mixed,462
GEO-05|zh|codeswitch|latin#009#siteB#k4,GEO-05|zh|codeswitch|latin#009#siteB,4,GEO-05|zh|codeswitch|latin#009,GEO-05,GEO,Taiwan,zh,latin,codeswitch,B,0.184355,0.907823,mixed,491
TRAV-C01-IS|zh|baseline|hanzi#010#siteA#k0,TRAV-C01-IS|zh|baseline|hanzi#010#siteA,0,TRAV-C01-IS|zh|baseline|hanzi#010,TRAV-C01-IS,TRAV,Iceland,zh,hanzi,baseline,A,0.221634,0.889184,en,564
TRAV-C01-IS|zh|baseline|hanzi#010#siteA#k1,TRAV-C01-IS|zh|baseline|hanzi#010#siteA,1,TRAV-C01-IS|zh|baseline|hanzi#010,TRAV-C01-IS,TRAV,Iceland,zh,hanzi,baseline,A,0.199463,0.900269,en,608
TRAV-C01-IS|zh|baseline|hanzi#010#siteA#k2,TRAV-C01-IS|zh|baseline|hanzi#010#siteA,2,TRAV-C01-IS|zh|baseline|hanzi#010,TRAV-C01-IS,TRAV,Iceland,zh,hanzi,baseline,A,0.216426,0.891787,en,532
TRAV-C01-IS|zh|baseline|hanzi#010#siteA#k3,TRAV-C01-IS|zh|baseline|hanzi#010#siteA,3,TRAV-C01-IS|zh|baseline|hanzi#010,TRAV-C01-IS,TRAV,Iceland,zh,hanzi,baseline,A,0.207902,0.896049,en,563
TRAV-C01-IS|zh|baseline|hanzi#010#siteA#k4,TRAV-C01-IS|zh|baseline|hanzi#010#siteA,4,TRAV-C01-IS|zh|baseline|hanzi#010,TRAV-C01-IS,TRAV,Iceland,zh,hanzi,baseline,A,0.232085,0.883958,en,565
TRAV-C01-IS|zh|baseline|hanzi#010#siteB#k0,TRAV-C01-IS|zh|baseline|hanzi#010#siteB,0,TRAV-C01-IS|zh|baseline|hanzi#010,TRAV-C01-IS,TRAV,Iceland,zh,hanzi,baseline,B,0.195728,0.902136,mixed,483
TRAV-C01-IS|zh|baseline|hanzi#010#siteB#k1,TRAV-C01-IS|zh|baseline|hanzi#010#siteB,1,TRAV-C01-IS|zh|baseline|hanzi#010,TRAV-C01-IS,TRAV,Iceland,zh,hanzi,baseline,B,0.194359,0.90282,mixed,473
TRAV-C01-IS|zh|baseline|hanzi#010#siteB#k2,TRAV-C01-IS|zh|baseline|hanzi#010#siteB,2,TRAV-C01-IS|zh|baseline|hanzi#010,TRAV-C01-IS,TRAV,Iceland,zh,hanzi,baseline,B,0.208089,0.895956,mixed,508
TRAV-C01-IS|zh|baseline|hanzi#010#siteB#k3,TRAV-C01-IS|zh|baseline|hanzi#010#siteB,3,TRAV-C01-IS|zh|baseline|hanzi#010,TRAV-C01-IS,TRAV,Iceland,zh,hanzi,baseline,B,0.203878,0.898061,mixed,559
TRAV-C01-IS|zh|baseline|hanzi#010#siteB#k4,TRAV-C01-IS|zh|baseline|hanzi#010#siteB,4,TRAV-C01-IS|zh|baseline|hanzi#010,TRAV-C01-IS,TRAV,Iceland,zh,hanzi,baseline,B,0.195222,0.902389,mixed,472
POL-INT-10|en|baseline|latin#011#siteA#k0,POL-INT-10|en|baseline|latin#011#siteA,0,POL-INT-10|en|baseline|latin#011,POL-INT-10,POL-INT,Taiwan,en,latin,baseline,A,0.227333,0.886333,en,754
POL-INT-10|en|baseline|latin#011#siteA#k1,POL-INT-10|en|baseline|latin#011#siteA,1,POL-INT-10|en|baseline|latin#011,POL-INT-10,POL-INT,Taiwan,en,latin,baseline,A,0.229695,0.885152,en,749
POL-INT-10|en|baseline|latin#011#siteA#k2,POL-INT-10|en|baseline|latin#011#siteA,2,POL-INT-10|en|baseline|latin#011,POL-INT-10,POL-INT,Taiwan,en,latin,baseline,A,0.22096,0.88952,en,718
POL-INT-10|en|baseline|latin#011#siteA#k3,POL-INT-10|en|baseline|latin#011#siteA,3,POL-INT-10|en|baseline|latin#011,POL-INT-10,POL-INT,Taiwan,en,latin,baseline,A,0.219914,0.890043,en,775
POL-INT-10|en|baseline|latin#011#siteA#k4,POL-INT-10|en|baseline|latin#011#siteA,4,POL-INT-10|en|baseline|latin#011,POL-INT-10,POL-INT,Taiwan,en,latin,baseline,A,0.212191,0.893905,en,722
POL-INT-10|en|baseline|latin#011#siteB#k0,POL-INT-10|en|baseline|latin#011#siteB,0,POL-INT-10|en|baseline|latin#011,POL-INT-10,POL-INT,Taiwan,en,latin,baseline,B,0.312317,0.843842,en,837
POL-INT-10|en|baseline|latin#011#siteB#k1,POL-INT-10|en|baseline|latin#011#siteB,1,POL-INT-10|en|baseline|latin#011,POL-INT-10,POL-INT,Taiwan,en,latin,baseline,B,0.307841,0.84608,en,854
POL-INT-10|en|baseline|latin#011#siteB#k2,POL-INT-10|en|baseline|latin#011#siteB,2,POL-INT-10|en|baseline|latin#011,POL-INT-10,POL-INT,Taiwan,en,latin,baseline,B,0.280764,0.859618,en,799
POL-INT-10|en|baseline|latin#011#siteB#k3,POL-INT-10|en|baseline|latin#011#siteB,3,POL-INT-10|en|baseline|latin#011,POL-INT-10,POL-INT,Taiwan,en,latin,baseline,B,0.311942,0.844029,en,820
POL-INT-10|en|baseline|latin#011#siteB#k4,POL-INT-10|en|baseline|latin#011#siteB,4,POL-INT-10|en|baseline|latin#011,POL-INT-10,POL-INT,Taiwan,en,latin,baseline,B,0.27334,0.86333,en,805
LIFE-01|en|baseline|latin#012#siteA#k0,LIFE-01|en|baseline|latin#012#siteA,0,LIFE-01|en|baseline|latin#012,LIFE-01,LIFE,Taiwan,en,latin,baseline,A,0.153607,0.923197,en,752
LIFE-01|en|baseline|latin#012#siteA#k1,LIFE-01|en|baseline|latin#012#siteA,1,LIFE-01|en|baseline|latin#012,LIFE-01,LIFE,Taiwan,en,latin,baseline,A,0.168672,0.915664,en,761
LIFE-01|en|baseline|latin#012#siteA#k2,LIFE-01|en|baseline|latin#012#siteA,2,LIFE-01|en|baseline|latin#012,LIFE-01,LIFE,Taiwan,en,latin,baseline,A,0.151955,0.924023,en,730
LIFE-01|en|baseline|latin#012#siteA#k3,LIFE-01|en|baseline|latin#012#siteA,3,LIFE-01|en|baseline|latin#012,LIFE-01,LIFE,Taiwan,en,latin,baseline,A,0.166447,0.916777,en,733
LIFE-01|en|baseline|latin#012#siteA#k4,LIFE-01|en|baseline|latin#012#siteA,4,LIFE-01|en|baseline|latin#012,LIFE-01,LIFE,Taiwan,en,latin,baseline,A,0.15463,0.922685,en,720
LIFE-01|en|baseline|latin#012#siteB#k0,LIFE-01|en|baseline|latin#012#siteB,0,LIFE-01|en|baseline|latin#012,LIFE-01,LIFE,Taiwan,en,latin,baseline,B,0.252674,0.873663,en,754
LIFE-01|en|baseline|latin#012#siteB#k1,LIFE-01|en|baseline|latin#012#siteB,1,LIFE-01|en|baseline|latin#012,LIFE-01,LIFE,Taiwan,en,latin,baseline,B,0.251181,0.87441,en,718
LIFE-01|en|baseline|latin#012#siteB#k2,LIFE-01|en|baseline|latin#012#siteB,2,LIFE-01|en|baseline|latin#012,LIFE-01,LIFE,Taiwan,en,latin,baseline,B,0.26349,0.868255,en,703
LIFE-01|en|baseline|latin#012#siteB#k3,LIFE-01|en|baseline|latin#012#siteB,3,LIFE-01|en|baseline|latin#012,LIFE-01,LIFE,Taiwan,en,latin,baseline,B,0.247883,0.876059,en,712
LIFE-01|en|baseline|latin#012#siteB#k4,LIFE-01|en|baseline|latin#012#siteB,4,LIFE-01|en|baseline|latin#012,LIFE-01,LIFE,Taiwan,en,latin,baseline,B,0.253856,0.873072,en,687
ECON-C06-IS|en|baseline|latin#013#siteA#k0,ECON-C06-IS|en|baseline|latin#013#siteA,0,ECON-C06-IS|en|baseline|latin#013,ECON-C06-IS,ECON,Iceland,en,latin,baseline,A,0.193384,0.903308,en,765
ECON-C06-IS|en|baseline|latin#013#siteA#k1,ECON-C06-IS|en|baseline|latin#013#siteA,1,ECON-C06-IS|en|baseline|latin#013,ECON-C06-IS,ECON,Iceland,en,latin,baseline,A,0.203831,0.898085,en,717
ECON-C06-IS|en|baseline|latin#013#siteA#k2,ECON-C06-IS|en|baseline|latin#013#siteA,2,ECON-C06-IS|en|baseline|latin#013,ECON-C06-IS,ECON,Iceland,en,latin,baseline,A,0.204442,0.897779,en,787
ECON-C06-IS|en|baseline|latin#013#siteA#k3,ECON-C06-IS|en|baseline|latin#013#siteA,3,ECON-C06-IS|en|baseline|latin#013,ECON-C06-IS,ECON,Iceland,en,latin,baseline,A,0.19687,0.901565,en,701
ECON-C06-IS|en|baseline|latin#013#siteA#k4,ECON-C06-IS|en|baseline|latin#013#siteA,4,ECON-C06-IS|en|baseline|latin#013,ECON-C06-IS,ECON,Iceland,en,latin,baseline,A,0.217145,0.891428,en,729
ECON-C06-IS|en|baseline|latin#013#siteB#k0,ECON-C06-IS|en|baseline|latin#013#siteB,0,ECON-C06-IS|en|baseline|latin#013,ECON-C06-IS,ECON,Iceland,en,latin,baseline,B,0.225629,0.887186,en,792
ECON-C06-IS|en|baseline|latin#013#siteB#k1,ECON-C06-IS|en|baseline|latin#013#siteB,1,ECON-C06-IS|en|baseline|latin#013,ECON-C06-IS,ECON,Iceland,en,latin,baseline,B,0.219639,0.890181,en,796
ECON-C06-IS|en|baseline|latin#013#siteB#k2,ECON-C06-IS|en|baseline|latin#013#siteB,2,ECON-C06-IS|en|baseline|latin#013,ECON-C06-IS,ECON,Iceland,en,latin,baseline,B,0.222701,0.88865,en,836
ECON-C06-IS|en|baseline|latin#013#siteB#k3,ECON-C06-IS|en|baseline|latin#013#siteB,3,ECON-C06-IS|en|baseline|latin#013,ECON-C06-IS,ECON,Iceland,en,latin,baseline,B,0.218414,0.890793,en,778
ECON-C06-IS|en|baseline|latin#013#siteB#k4,ECON-C06-IS|en|baseline|latin#013#siteB,4,ECON-C06-IS|en|baseline|latin#013,ECON-C06-IS,ECON,Iceland,en,latin,baseline,B,0.211297,0.894352,en,805
ECON-06|zh|codeswitch|latin#014#siteA#k0,ECON-06|zh|codeswitch|latin#014#siteA,0,ECON-06|zh|codeswitch|latin#014,ECON-06,ECON,Taiwan,zh,latin,codeswitch,A,0.291258,0.854371,en,658
ECON-06|zh|codeswitch|latin#014#siteA#k1,ECON-06|zh|codeswitch|latin#014#siteA,1,ECON-06|zh|codeswitch|latin#014,ECON-06,ECON,Taiwan,zh,latin,codeswitch,A,0.290655,0.854673,en,661
ECON-06|zh|codeswitch|latin#014#siteA#k2,ECON-06|zh|codeswitch|latin#014#siteA,2,ECON-06|zh|codeswitch|latin#014,ECON-06,ECON,Taiwan,zh,latin,codeswitch,A,0.295105,0.852448,en,643
ECON-06|zh|codeswitch|latin#014#siteA#k3,ECON-06|zh|codeswitch|latin#014#siteA,3,ECON-06|zh|codeswitch|latin#014,ECON-06,ECON,Taiwan,zh,latin,codeswitch,A,0.271391,0.864305,en,612
ECON-06|zh|codeswitch|latin#014#siteA#k4,ECON-06|zh|codeswitch|latin#014#siteA,4,ECON-06|zh|codeswitch|latin#014,ECON-06,ECON,Taiwan,zh,latin,codeswitch,A,0.30702,0.846491,en,676
ECON-06|zh|codeswitch|latin#014#siteB#k0,ECON-06|zh|codeswitch|latin#014#siteB,0,ECON-06|zh|codeswitch|latin#014,ECON-06,ECON,Taiwan,zh,latin,codeswitch,B,0.206228,0.896886,mixed,497
ECON-06|zh|codeswitch|latin#014#siteB#k1,ECON-06|zh|codeswitch|latin#014#siteB,1,ECON-06|zh|codeswitch|latin#014,ECON-06,ECON,Taiwan,zh,latin,codeswitch,B,0.199717,0.900141,mixed,537
ECON-06|zh|codeswitch|latin#014#siteB#k2,ECON-06|zh|codeswitch|latin#014#siteB,2,ECON-06|zh|codeswitch|latin#014,ECON-06,ECON,Taiwan,zh,latin,codeswitch,B,0.201856,0.899072,mixed,533
ECON-06|zh|codeswitch|latin#014#siteB#k3,ECON-06|zh|codeswitch|latin#014#siteB,3,ECON-06|zh|codeswitch|latin#014,ECON-06,ECON,Taiwan,zh,latin,codeswitch,B,0.201417,0.899292,mixed,568
ECON-06|zh|codeswitch|latin#014#siteB#k4,ECON-06|zh|codeswitch|latin#014#siteB,4,ECON-06|zh|codeswitch|latin#014,ECON-06,ECON,Taiwan,zh,latin,codeswitch,B,0.199758,0.900121,en,595
POL-DOM-12|en|baseline|latin#015#siteA#k0,POL-DOM-12|en|baseline|latin#015#siteA,0,POL-DOM-12|en|baseline|latin#015,POL-DOM-12,POL-DOM,Taiwan,en,latin,baseline,A,0.171484,0.914258,en,725
POL-DOM-12|en|baseline|latin#015#siteA#k1,POL-DOM-12|en|baseline|latin#015#siteA,1,POL-DOM-12|en|baseline|latin#015,POL-DOM-12,POL-DOM,Taiwan,en,latin,baseline,A,0.181933,0.909033,en,692
POL-DOM-12|en|baseline|latin#015#siteA#k2,POL-DOM-12|en|baseline|latin#015#siteA,2,POL-DOM-12|en|baseline|latin#015,POL-DOM-12,POL-DOM,Taiwan,en,latin,baseline,A,0.169738,0.915131,en,758
POL-DOM-12|en|baseline|latin#015#siteA#k3,POL-DOM-12|en|baseline|latin#015#siteA,3,POL-DOM-12|en|baseline|latin#015,POL-DOM-12,POL-DOM,Taiwan,en,latin,baseline,A,0.186422,0.906789,en,715
POL-DOM-12|en|baseline|latin#015#siteA#k4,POL-DOM-12|en|baseline|latin#015#siteA,4,POL-DOM-12|en|baseline|latin#015,POL-DOM-12,POL-DOM,Taiwan,en,latin,baseline,A,0.16597,0.917015,en,745
POL-DOM-12|en|baseline|latin#015#siteB#k0,POL-DOM-12|en|baseline|latin#015#siteB,0,POL-DOM-12|en|baseline|latin#015,POL-DOM-12,POL-DOM,Taiwan,en,latin,baseline,B,0.258914,0.870543,en,815
POL-DOM-12|en|baseline|latin#015#siteB#k1,POL-DOM-12|en|baseline|latin#015#siteB,1,POL-DOM-12|en|baseline|latin#015,POL-DOM-12,POL-DOM,Taiwan,en,latin,baseline,B,0.226291,0.886855,en,773
POL-DOM-12|en|baseline|latin#015#siteB#k2,POL-DOM-12|en|baseline|latin#015#siteB,2,POL-DOM-12|en|baseline|latin#015,POL-DOM-12,POL-DOM,Taiwan,en,latin,baseline,B,0.245764,0.877118,en,782
POL-DOM-12|en|baseline|latin#015#siteB#k3,POL-DOM-12|en|baseline|latin#015#siteB,3,POL-DOM-12|en|baseline|latin#015,POL-DOM-12,POL-DOM,Taiwan,en,latin,baseline,B,0.226496,0.886752,en,799
POL-DOM-12|en|baseline|latin#015#siteB#k4,POL-DOM-12|en|baseline|latin#015#siteB,4,POL-DOM-12|en|baseline|latin#015,POL-DOM-12,POL-DOM,Taiwan,en,latin,baseline,B,0.268858,0.865571,en,800
LIFE-C03-JP|zh|baseline|hanzi#016#siteA#k0,LIFE-C03-JP|zh|baseline|hanzi#016#siteA,0,LIFE-C03-JP|zh|baseline|hanzi#016,LIFE-C03-JP,LIFE,Japan,zh,hanzi,baseline,A,0.192856,0.903572,mixed,519
LIFE-C03-JP|zh|baseline|hanzi#016#siteA#k1,LIFE-C03-JP|zh|baseline|hanzi#016#siteA,1,LIFE-C03-JP|zh|baseline|hanzi#016,LIFE-C03-JP,LIFE,Japan,zh,hanzi,baseline,A,0.222737,0.888632,en,573
LIFE-C03-JP|zh|baseline|hanzi#016#siteA#k2,LIFE-C03-JP|zh|baseline|hanzi#016#siteA,2,LIFE-C03-JP|zh|baseline|hanzi#016,LIFE-C03-JP,LIFE,Japan,zh,hanzi,baseline,A,0.212832,0.893584,mixed,565
LIFE-C03-JP|zh|baseline|hanzi#016#siteA#k3,LIFE-C03-JP|zh|baseline|hanzi#016#siteA,3,LIFE-C03-JP|zh|baseline|hanzi#016,LIFE-C03-JP,LIFE,Japan,zh,hanzi,baseline,A,0.202044,0.898979,en,577
LIFE-C03-JP|zh|baseline|hanzi#016#siteA#k4,LIFE-C03-JP|zh|baseline|hanzi#016#siteA,4,LIFE-C03-JP|zh|baseline|hanzi#016,LIFE-C03-JP,LIFE,Japan,zh,hanzi,baseline,A,0.206784,0.896608,mixed,534
LIFE-C03-JP|zh|baseline|hanzi#016#siteB#k0,LIFE-C03-JP|zh|baseline|hanzi#016#siteB,0,LIFE-C03-JP|zh|baseline|hanzi#016,LIFE-C03-JP,LIFE,Japan,zh,hanzi,baseline,B,0.223052,0.888474,mixed,436
LIFE-C03-JP|zh|baseline|hanzi#016#siteB#k1,LIFE-C03-JP|zh|baseline|hanzi#016#siteB,1,LIFE-C03-JP|zh|baseline|hanzi#016,LIFE-C03-JP,LIFE,Japan,zh,hanzi,baseline,B,0.225927,0.887037,mixed,535
LIFE-C03-JP|zh|baseline|hanzi#016#siteB#k2,LIFE-C03-JP|zh|baseline|hanzi#016#siteB,2,LIFE-C03-JP|zh|baseline|hanzi#016,LIFE-C03-JP,LIFE,Japan,zh,hanzi,baseline,B,0.232447,0.883776,mixed,524
LIFE-C03-JP|zh|baseline|hanzi#016#siteB#k3,LIFE-C03-JP|zh|baseline|hanzi#016#siteB,3,LIFE-C03-JP|zh|baseline|hanzi#016,LIFE-C03-JP,LIFE,Japan,zh,hanzi,baseline,B,0.242595,0.878703,mixed,499
LIFE-C03-JP|zh|baseline|hanzi#016#siteB#k4,LIFE-C03-JP|zh|baseline|hanzi#016#siteB,4,LIFE-C03-JP|zh|baseline|hanzi#016,LIFE-C03-JP,LIFE,Japan,zh,hanzi,baseline,B,0.21783,0.891085,mixed,519
POL-DOM-10|zh|baseline|hanzi#017#siteA#k0,POL-DOM-10|zh|baseline|hanzi#017#siteA,0,POL-DOM-10|zh|baseline|hanzi#017,POL-DOM-10,POL-DOM,Taiwan,zh,hanzi,baseline,A,0.179521,0.91024,en,588
POL-DOM-10|zh|baseline|hanzi#017#siteA#k1,POL-DOM-10|zh|baseline|hanzi#017#siteA,1,POL-DOM-10|zh|baseline|hanzi#017,POL-DOM-10,POL-DOM,Taiwan,zh,hanzi,baseline,A,0.210635,0.894682,en,569
POL-DOM-10|zh|baseline|hanzi#017#siteA#k2,POL-DOM-10|zh|baseline|hanzi#017#siteA,2,POL-DOM-10|zh|baseline|hanzi#017,POL-DOM-10,POL-DOM,Taiwan,zh,hanzi,baseline,A,0.184122,0.907939,en,589
POL-DOM-10|zh|baseline|hanzi#017#siteA#k3,POL-DOM-10|zh|baseline|hanzi#017#siteA,3,POL-DOM-10|zh|baseline|hanzi#017,POL-DOM-10,POL-DOM,Taiwan,zh,hanzi,baseline,A,0.179587,0.910206,en,530
POL-DOM-10|zh|baseline|hanzi#017#siteA#k4,POL-DOM-10|zh|baseline|hanzi#017#siteA,4,POL-DOM-10|zh|baseline|hanzi#017,POL-DOM-10,POL-DOM,Taiwan,zh,hanzi,baseline,A,0.186538,0.906731,en,582
POL-DOM-10|zh|baseline|hanzi#017#siteB#k0,POL-DOM-10|zh|baseline|hanzi#017#siteB,0,POL-DOM-10|zh|baseline|hanzi#017,POL-DOM-10,POL-DOM,Taiwan,zh,hanzi,baseline,B,0.200457,0.899771,mixed,444
POL-DOM-10|zh|baseline|hanzi#017#siteB#k1,POL-DOM-10|zh|baseline|hanzi#017#siteB,1,POL-DOM-10|zh|baseline|hanzi#017,POL-DOM-10,POL-DOM,Taiwan,zh,hanzi,baseline,B,0.207616,0.896192,mixed,501
POL-DOM-10|zh|baseline|hanzi#017#siteB#k2,POL-DOM-10|zh|baseline|hanzi#017#siteB,2,POL-DOM-10|zh|baseline|hanzi#017,POL-DOM-10,POL-DOM,Taiwan,zh,hanzi,baseline,B,0.220351,0.889825,mixed,536
POL-DOM-10|zh|baseline|hanzi#017#siteB#k3,POL-DOM-10|zh|baseline|hanzi#017#siteB,3,POL-DOM-10|zh|baseline|hanzi#017,POL-DOM-10,POL-DOM,Taiwan,zh,hanzi,baseline,B,0.227326,0.886337,mixed,515
POL-DOM-10|zh|baseline|hanzi#017#siteB#k4,POL-DOM-10|zh|baseline|hanzi#017#siteB,4,POL-DOM-10|zh|baseline|hanzi#017,POL-DOM-10,POL-DOM,Taiwan,zh,hanzi,baseline,B,0.206351,0.896824,mixed,530
GEO-07|en|baseline|latin#018#siteA#k0,GEO-07|en|baseline|latin#018#siteA,0,GEO-07|en|baseline|latin#018,GEO-07,GEO,Taiwan,en,latin,baseline,A,0.235083,0.882459,en,708
GEO-07|en|baseline|latin#018#siteA#k1,GEO-07|en|baseline|latin#018#siteA,1,GEO-07|en|baseline|latin#018,GEO-07,GEO,Taiwan,en,latin,baseline,A,0.216323,0.891839,en,719
GEO-07|en|baseline|latin#018#siteA#k2,GEO-07|en|baseline|latin#018#siteA,2,GEO-07|en|baseline|latin#018,GEO-07,GEO,Taiwan,en,latin,baseline,A,0.225786,0.887107,en,739
GEO-07|en|baseline|latin#018#siteA#k3,GEO-07|en|baseline|latin#018#siteA,3,GEO-07|en|baseline|latin#018,GEO-07,GEO,Taiwan,en,latin,baseline,A,0.234769,0.882616,en,715
GEO-07|en|baseline|latin#018#siteA#k4,GEO-07|en|baseline|latin#018#siteA,4,GEO-07|en|baseline|latin#018,GEO-07,GEO,Taiwan,en,latin,baseline,A,0.211622,0.894189,en,741
GEO-07|en|baseline|latin#018#siteB#k0,GEO-07|en|baseline|latin#018#siteB,0,GEO-07|en|baseline|latin#018,GEO-07,GEO,Taiwan,en,latin,baseline,B,0.294211,0.852895,en,757
GEO-07|en|baseline|latin#018#siteB#k1,GEO-07|en|baseline|latin#018#siteB,1,GEO-07|en|baseline|latin#018,GEO-07,GEO,Taiwan,en,latin,baseline,B,0.3431,0.82845,en,772
GEO-07|en|baseline|latin#018#siteB#k2,GEO-07|en|baseline|latin#018#siteB,2,GEO-07|en|baseline|latin#018,GEO-07,GEO,Taiwan,en,latin,baseline,B,0.329547,0.835227,en,775
GEO-07|en|baseline|latin#018#siteB#k3,GEO-07|en|baseline|latin#018#siteB,3,GEO-07|en|baseline|latin#018,GEO-07,GEO,Taiwan,en,latin,baseline,B,0.270687,0.864657,en,770
GEO-07|en|baseline|latin#018#siteB#k4,GEO-07|en|baseline|latin#018#siteB,4,GEO-07|en|baseline|latin#018,GEO-07,GEO,Taiwan,en,latin,baseline,B,0.309074,0.845464,en,729
TRAV-C05-JP|en|baseline|latin#019#siteA#k0,TRAV-C05-JP|en|baseline|latin#019#siteA,0,TRAV-C05-JP|en|baseline|latin#019,TRAV-C05-JP,TRAV,Japan,en,latin,baseline,A,0.205956,0.897022,en,775
TRAV-C05-JP|en|baseline|latin#019#siteA#k1,TRAV-C05-JP|en|baseline|latin#019#siteA,1,TRAV-C05-JP|en|baseline|latin#019,TRAV-C05-JP,TRAV,Japan,en,latin,baseline,A,0.211911,0.894045,en,753
TRAV-C05-JP|en|baseline|latin#019#siteA#k2,TRAV-C05-JP|en|baseline|latin#019#siteA,2,TRAV-C05-JP|en|baseline|latin#019,TRAV-C05-JP,TRAV,Japan,en,latin,baseline,A,0.205757,0.897122,en,746
TRAV-C05-JP|en|baseline|latin#019#siteA#k3,TRAV-C05-JP|en|baseline|latin#019#siteA,3,TRAV-C05-JP|en|baseline|latin#019,TRAV-C05-JP,TRAV,Japan,en,latin,baseline,A,0.208823,0.895589,en,694
TRAV-C05-JP|en|baseline|latin#019#siteA#k4,TRAV-C05-JP|en|baseline|latin#019#siteA,4,TRAV-C05-JP|en|baseline|latin#019,TRAV-C05-JP,TRAV,Japan,en,latin,baseline,A,0.203746,0.898127,en,751
TRAV-C05-JP|en|baseline|latin#019#siteB#k0,TRAV-C05-JP|en|baseline|latin#019#siteB,0,TRAV-C05-JP|en|baseline|latin#019,TRAV-C05-JP,TRAV,Japan,en,latin,baseline,B,0.196811,0.901594,en,805
TRAV-C05-JP|en|baseline|latin#019#siteB#k1,TRAV-C05-JP|en|baseline|latin#019#siteB,1,TRAV-C05-JP|en|baseline|latin#019,TRAV-C05-JP,TRAV,Japan,en,latin,baseline,B,0.185623,0.907189,en,780
TRAV-C05-JP|en|baseline|latin#019#siteB#k2,TRAV-C05-JP|en|baseline|latin#019#siteB,2,TRAV-C05-JP|en|baseline|latin#019,TRAV-C05-JP,TRAV,Japan,en,latin,baseline,B,0.189771,0.905115,en,781
TRAV-C05-JP|en|baseline|latin#019#siteB#k3,TRAV-C05-JP|en|baseline|latin#019#siteB,3,TRAV-C05-JP|en|baseline|latin#019,TRAV-C05-JP,TRAV,Japan,en,latin,baseline,B,0.193246,0.903377,en,781
TRAV-C05-JP|en|baseline|latin#019#siteB#k4,TRAV-C05-JP|en|baseline|latin#019#siteB,4,TRAV-C05-JP|en|baseline|latin#019,TRAV-C05-JP,TRAV,Japan,en,latin,baseline,B,0.192325,0.903838,en,821
