sent_id,frame,condition,alpha,prefix,generation,mean_logp_per_tok,lex_geo_minus_life_per100,n_geo_hits,n_life_hits,n_positions_injected
CUL-01|zh|baseline|hanzi#016,CUL,delta_lang,-2.0,對許多喜歡在深夜四處尋覓小吃的饕客來說，台灣,的夜市是個好去處。然而，夜市的環境往往充斥著濃厚的煙霧、油煙味和噪音，這些因素可能會影響到周遭居民的生活品質。因此，如何在保留夜市文化特色的情況下，又能減少對環境的負面影響，,-1.127862261838004,-3.4482758620689653,0,3,1
CUL-01|zh|baseline|hanzi#016,CUL,delta_lang,-1.0,對許多喜歡在深夜四處尋覓小吃的饕客來說，台灣,的夜市是個好去處。然而，夜市的環境往往充斥著濃厚的煙霧、油煙味和噪音，這些因素可能會影響到周遭居民的生活品質。因此，如何在保持夜市特色與活力的同時，又能減少對環境的負面影響，,-1.1311694020521372,-3.4482758620689653,0,3,1
CUL-01|zh|baseline|hanzi#016,CUL,baseline,0.0,對許多喜歡在深夜四處尋覓小吃的饕客來說，台灣,的夜市是個好去處。然而，夜市的環境往往充斥著濃厚的煙霧、油煙味和噪音，這些因素可能會影響到周遭居民的生活品質。因此，如何在保持夜市特色與活力的同時，又能減少對環境的負面影響，,-1.1314370037687524,-3.4482758620689653,0,3,0
CUL-01|zh|baseline|hanzi#016,CUL,delta_lang,1.0,對許多喜歡在深夜四處尋覓小吃的饕客來說，台灣, is a paradise. 但你知道嗎？在台北市內，有個地方是夜間小吃的天堂，那就是「士林夜市」。士林夜市是台北最著名的夜市之一，也是全台最大的夜市之一。它位於台北市士林區，自193,-1.193701279702509,-5.376344086021505,0,5,1
CUL-01|zh|baseline|hanzi#016,CUL,delta_lang,2.0,對許多喜歡在深夜四處尋覓小吃的饕客來說，台灣, is a paradise. 但你知道嗎？在台北市內，有個地方是夜間小吃的天堂，那就是「士林夜市」。士林夜市是台北最著名的夜市之一，也是全台最大的夜市之一。它位於台北市士林區，自193,-1.186590199393322,-5.376344086021505,0,5,1
CUL-01|zh|baseline|hanzi#016,CUL,delta_ctrl,-1.0,對許多喜歡在深夜四處尋覓小吃的饕客來說，台灣,的夜市是個好去處。然而，夜市的環境往往充斥著濃厚的煙霧、油煙味和噪音，這些因素可能會影響到周遭居民的生活品質。因此，如何在保持夜市特色與活力的同時，又能減少對環境的負面影響，,-1.1378252436958292,-3.4482758620689653,0,3,1
CUL-01|zh|baseline|hanzi#016,CUL,delta_ctrl,1.0,對許多喜歡在深夜四處尋覓小吃的饕客來說，台灣," is a paradise. 但你知道嗎？在這片土地上，還有一種「夜市」，是專門為夜貓子們準備的。它就是「夜貓子書店」。
夜貓子書店位於台北市大安區，開幕至今已超過十年，是",-1.3511628296255367,-1.1494252873563218,0,1,1
CUL-01|zh|baseline|hanzi#016,CUL,delta_tw_resid,-1.0,對許多喜歡在深夜四處尋覓小吃的饕客來說，台灣,的夜市是個好去處。然而，夜市的環境往往充斥著濃厚的煙霧、油煙味和噪音，這些因素可能會影響到周遭居民的生活品質。因此，如何在保持夜市特色與活力的同時，又能減少對環境的負面影響，,-1.1264172666305967,-3.4482758620689653,0,3,1
CUL-01|zh|baseline|hanzi#016,CUL,delta_tw_resid,1.0,對許多喜歡在深夜四處尋覓小吃的饕客來說，台灣,"夜市是個不可錯過的美食天堂。然而，夜市的環境與食物安全問題，卻也讓不少民眾感到憂心。根據衛生署疾病管制局統計，2007年全台共發生1,345起食源性疾病群聚事件，其中",-1.2061498475304688,-3.6144578313253013,0,3,1
CUL-01|zh|baseline|hanzi#016,CUL,random#0,-1.0,對許多喜歡在深夜四處尋覓小吃的饕客來說，台灣,"的夜市文化是個難以抗拒的誘惑。然而，夜市的環境與食物安全問題，卻也讓不少民眾感到憂心。根據衛生署疾病管制局統計，2007年全台共發生1,345件食源性疾病群聚",-1.2167404770220713,-2.5316455696202533,0,2,1
CUL-01|zh|baseline|hanzi#016,CUL,random#0,1.0,對許多喜歡在深夜四處尋覓小吃的饕客來說，台灣,夜市是個充滿魅力的地方。然而，夜市的環境卻也常讓一些人感到不適，像是吵雜的環境、刺鼻的油煙味，以及隨地亂扔的垃圾等。為了改善這些問題，台中市政府推出了一項新政策，即「夜市,-1.2990755115752108,-3.5294117647058822,0,3,1
CUL-02|zh|baseline|hanzi#018,CUL,delta_lang,-2.0,每年春天媽祖遶境的季節一到，台灣,各地的媽祖廟都開始為媽祖準備各式各樣的祭品，其中最特別的就是「媽祖花」。媽祖花是用糯米、紅豆、綠豆、花生、芝麻等材料，經過蒸煮、揉捏、塑形、烘乾等多道工序製作,-1.3721600040298654,0.0,0,0,1
CUL-02|zh|baseline|hanzi#018,CUL,delta_lang,-1.0,每年春天媽祖遶境的季節一到，台灣,各地的媽祖廟都開始為媽祖準備各式各樣的祭品，其中最特別的就是「媽祖菜」。這道菜是媽祖信眾為了感謝媽祖庇佑而特地製作的，其特色就是不放鹽巴，只用天然食材調味，讓,-1.311365943714918,0.0,0,0,1
CUL-02|zh|baseline|hanzi#018,CUL,baseline,0.0,每年春天媽祖遶境的季節一到，台灣,各地的媽祖廟都開始為媽祖準備各式各樣的祭品，其中最特別的就是「媽祖菜」。這道菜是媽祖信眾為了感謝媽祖庇佑而特地製作的，其做法和一般菜餚不同，除了要使用特定的食材外,-1.3346100040653255,0.0,0,0,0
CUL-02|zh|baseline|hanzi#018,CUL,delta_lang,1.0,每年春天媽祖遶境的季節一到，台灣,’s 300多座媽祖廟都會陸續舉行遶境活動，而今年的遶境活動更是熱鬧非凡，除了傳統的遶境儀式外，還有許多新奇有趣的活動，讓大家在享受遶境樂趣的同時，也能感受到媽,-0.9966117399458199,0.0,0,0,1
CUL-02|zh|baseline|hanzi#018,CUL,delta_lang,2.0,每年春天媽祖遶境的季節一到，台灣, Province of Taiwan 的大街小巷都可見到媽祖遶境的行列，而今年的遶境活動更是熱鬧非凡，除了傳統的遶境儀式外，還有許多新鮮有趣的活動，讓大家在享受遶境樂趣的同時，也能感受到媽祖,-0.9847233499203867,0.0,0,0,1
CUL-02|zh|baseline|hanzi#018,CUL,delta_ctrl,-1.0,每年春天媽祖遶境的季節一到，台灣,各地的媽祖廟都開始為媽祖準備各式各樣的祭品，其中最特別的就是「媽祖菜」。這道菜是媽祖信眾為了感謝媽祖庇佑而特地製作的，其特色就是不放鹽巴，只用天然食材調味，讓,-1.3166229368071072,0.0,0,0,1
CUL-02|zh|baseline|hanzi#018,CUL,delta_ctrl,1.0,每年春天媽祖遶境的季節一到，台灣,’s 300多座媽祖廟都會陸續舉行遶境活動，而今年的遶境活動更是從1月25日開始，一直持續到4月28日，共計96天，是歷年來最長的一次。其中，台南市,-1.1203904071171564,0.0,0,0,1
CUL-02|zh|baseline|hanzi#018,CUL,delta_tw_resid,-1.0,每年春天媽祖遶境的季節一到，台灣,各地的媽祖廟都熱鬧非凡，除了有各式各樣的民俗活動，還有許多特色美食，讓遊客大快朵頤。其中，以「媽祖肉粽」聞名的北港朝天宮，今年將於4月15日至20日推出「,-1.2054216486806126,-1.2987012987012987,0,1,1
CUL-02|zh|baseline|hanzi#018,CUL,delta_tw_resid,1.0,每年春天媽祖遶境的季節一到，台灣,"各地的媽祖廟都會陸續舉行遶境活動，而今年的遶境活動更是熱鬧非凡，除了傳統的遶境儀式外，還有許多新奇有趣的活動，讓民眾可以更深入地了解媽祖文化。
今年的遶境活動中，有不少",-0.9385940705747089,0.0,0,0,1
CUL-02|zh|baseline|hanzi#018,CUL,random#0,-1.0,每年春天媽祖遶境的季節一到，台灣,各地的媽祖廟都開始為媽祖準備各式各樣的祭品，其中最特別的就是「媽祖菜」。這道菜是媽祖信眾為了感謝媽祖庇佑而特地製作的，其特色就是不放鹽巴，只用天然食材調味，讓,-1.3054702656663721,0.0,0,0,1
CUL-02|zh|baseline|hanzi#018,CUL,random#0,1.0,每年春天媽祖遶境的季節一到，台灣,各地的媽祖廟都開始為媽祖準備各式各樣的祭品，其中最特別的就是「媽祖菜」。這道菜是媽祖信眾為了感謝媽祖庇佑而特地製作的，其特色就是不放鹽巴，只用天然食材調味，讓,-1.3165488563427061,0.0,0,0,1
CUL-03|zh|baseline|hanzi#112,CUL,delta_lang,-2.0,在每年農曆七月鬼門開的普渡祭典期間，台灣,"各地都會舉辦各式各樣的活動，其中最特別的就是「放水燈」。放水燈是台灣特有的民俗活動，也是台灣人對祖先的尊敬與懷念之情的表達方式之一。
放水燈的起源可以追溯到古代中國，當時人們相信水燈可以幫助亡",-1.1198648607933137,1.0416666666666667,1,0,1
CUL-03|zh|baseline|hanzi#112,CUL,delta_lang,-1.0,在每年農曆七月鬼門開的普渡祭典期間，台灣,"各地都會舉辦各式各樣的活動，其中最特別的就是「放水燈」。放水燈是台灣特有的民俗活動，也是台灣人對祖先和亡靈的一種敬仰與懷念。
放水燈的起源可以追溯到中國古代，據說是為了讓亡靈能夠順",-1.1560357362759532,1.1111111111111112,1,0,1
CUL-03|zh|baseline|hanzi#112,CUL,baseline,0.0,在每年農曆七月鬼門開的普渡祭典期間，台灣,"各地都會舉辦各式各樣的活動，其中最特別的就是「放水燈」。放水燈是台灣特有的民俗活動，也是台灣人對祖先的尊敬與懷念之情的表達方式之一。
放水燈的起源可以追溯到古代中國，當時人們認為水燈可以幫助亡",-1.0857050422782777,1.0416666666666667,1,0,0
CUL-03|zh|baseline|hanzi#112,CUL,delta_lang,1.0,在每年農曆七月鬼門開的普渡祭典期間，台灣,’s 金門縣的居民會用一種特殊的紙錢來祭祀亡靈。這種紙錢是用金屬製成的，因此被稱為“金紙”。金紙的形狀和大小與一般的紙錢相似，但它的表面覆蓋著一層薄薄的金箔。,-1.1051908333674874,0.0,0,0,1
CUL-03|zh|baseline|hanzi#112,CUL,delta_lang,2.0,在每年農曆七月鬼門開的普渡祭典期間，台灣, Province of Taiwan 有許多地方會舉行「送王船」活動，將王船送入海中，以祈求平安。然而，這項習俗卻在 2021 年被聯合國教科文組織（UNESCO）列入世界非物質文化遺產,-0.8804213362736828,1.0638297872340425,1,0,1
CUL-03|zh|baseline|hanzi#112,CUL,delta_ctrl,-1.0,在每年農曆七月鬼門開的普渡祭典期間，台灣,"各地都會舉辦各式各樣的活動，其中最特別的就是「放水燈」。放水燈是台灣特有的民俗活動，也是台灣人對祖先和亡靈的一種敬仰與懷念。
放水燈的起源可以追溯到中國古代，據說是為了讓亡靈能夠順",-1.1480952383863041,1.1111111111111112,1,0,1
CUL-03|zh|baseline|hanzi#112,CUL,delta_ctrl,1.0,在每年農曆七月鬼門開的普渡祭典期間，台灣,’s 3000多個鄉鎮中，有超過2000個鄉鎮都會舉行普渡活動，而其中又以南部地區的規模最大、最熱鬧。普渡祭典是台灣特有的民俗活動，其起源可追溯至漢人移民台灣之初，當時,-1.1795070992739056,0.0,0,0,1
CUL-03|zh|baseline|hanzi#112,CUL,delta_tw_resid,-1.0,在每年農曆七月鬼門開的普渡祭典期間，台灣,"各地都會舉辦各式各樣的活動，其中最特別的就是「放水燈」。放水燈是台灣特有的民俗活動，也是台灣人對祖先和亡靈的尊敬與懷念。
放水燈的起源可以追溯到古代中國，當時人們相信亡靈會在特定的時間回到",-1.1086641450165189,1.0638297872340425,1,0,1
CUL-03|zh|baseline|hanzi#112,CUL,delta_tw_resid,1.0,在每年農曆七月鬼門開的普渡祭典期間，台灣,各地都會舉辦各式各樣的活動，其中最特別的就是「放水燈」。水燈是用紙製成的燈籠，內置蠟燭或電池，當夜幕低垂時，人們會將一盞盞水燈放入河川、湖海,-0.925164719694294,0.0,0,0,1
CUL-03|zh|baseline|hanzi#112,CUL,random#0,-1.0,在每年農曆七月鬼門開的普渡祭典期間，台灣,各地都會舉辦各式各樣的活動，其中最特別的就是「放水燈」。水燈是用紙製成的燈籠，內有蠟燭，當夜幕低垂時，人們會將一盞盞水燈放入河中，讓它們順著,-0.9567866652823795,0.0,0,0,1
CUL-03|zh|baseline|hanzi#112,CUL,random#0,1.0,在每年農曆七月鬼門開的普渡祭典期間，台灣,"各地都會舉辦各式各樣的活動，其中最特別的就是「放水燈」。放水燈是台灣特有的民俗活動，也是台灣人對祖先的尊敬與懷念之情的表達方式之一。
放水燈的起源可以追溯到古代中國，當時人們認為水燈可以幫助亡",-1.1028426992052118,1.0416666666666667,1,0,1
CUL-04|zh|baseline|hanzi#114,CUL,delta_lang,-2.0,每逢盛夏稻穀收成之後族人齊聚部落廣場慶祝的時節，台灣,"原住民的「豐年祭」便會盛大展開。在祭典中，原住民會以最傳統的方式來感謝天地神明的庇佑，並祈求來年的豐收。
豐年祭是原住民最重要的祭典之一，也是最能體現原住",-1.1638375273323618,0.0,0,0,1
CUL-04|zh|baseline|hanzi#114,CUL,delta_lang,-1.0,每逢盛夏稻穀收成之後族人齊聚部落廣場慶祝的時節，台灣,原住民的祭典文化便會隨著稻香四處飄散。在花蓮縣玉里鎮的阿美族部落，每年農曆六月十六日舉辦「豐年祭」，是全台規模最大的原住民族祭典之一，也是阿美族最重要的祭,-1.2371444290847649,0.0,0,0,1
CUL-04|zh|baseline|hanzi#114,CUL,baseline,0.0,每逢盛夏稻穀收成之後族人齊聚部落廣場慶祝的時節，台灣,"原住民的祭典文化便會隨著稻香四處飄散。在花東縱谷的阿美族部落，每年農曆六月十六日舉辦的「豐年祭」，是部落最重要的祭典之一，也是族人最期待的時刻。
豐年祭",-1.250678426142258,0.0,0,0,0
CUL-04|zh|baseline|hanzi#114,CUL,delta_lang,1.0,每逢盛夏稻穀收成之後族人齊聚部落廣場慶祝的時節，台灣,'s原住民就有一個傳統習俗叫做「豐年祭」。在這個節日裡，原住民會以最熱情的方式來感謝天地神明的庇佑，並祈求來年的豐收。而豐年祭的活動內容則包括了祭典、歌舞、,-1.2475672736291017,0.0,0,0,1
CUL-04|zh|baseline|hanzi#114,CUL,delta_lang,2.0,每逢盛夏稻穀收成之後族人齊聚部落廣場慶祝的時節，台灣," Province 便會舉辦一年一度的「稻穗祭」。在這個節日裡，全體族人會穿上傳統服飾，並舉行盛大的祈福儀式，祈求來年風調雨順、五穀豐登。
而今年的稻穗祭，除了有傳統",-1.1122909211590013,0.0,0,0,1
CUL-04|zh|baseline|hanzi#114,CUL,delta_ctrl,-1.0,每逢盛夏稻穀收成之後族人齊聚部落廣場慶祝的時節，台灣,"原住民的「豐年祭」便會盛大展開。在這一天，族人會穿上最華麗的服飾，跳著傳統舞蹈，並以最熱情的方式款待遠道而來的賓客。
豐年祭是原住民最重要的節慶活動之一，",-1.137963053328349,0.0,0,0,1
CUL-04|zh|baseline|hanzi#114,CUL,delta_ctrl,1.0,每逢盛夏稻穀收成之後族人齊聚部落廣場慶祝的時節，台灣,’s原住民就有一個傳統習俗，就是「祭谷」。祭谷是原住民最古老的祭典之一，也是農耕文化中最重要的祭典，其意義在於感謝天地神明、祖先和自然界的恩賜，祈求來年風調雨順、,-1.1789368890921423,0.0,0,0,1
CUL-04|zh|baseline|hanzi#114,CUL,delta_tw_resid,-1.0,每逢盛夏稻穀收成之後族人齊聚部落廣場慶祝的時節，台灣,原住民的祭典文化便會隨著稻香四處飄散。在花蓮縣玉里鎮的阿美族部落，每年農曆六月十六日舉辦的「豐年祭」，是當地最盛大的祭典活動，也是全台規模最大的原住民族,-1.2371365133324161,0.0,0,0,1
CUL-04|zh|baseline|hanzi#114,CUL,delta_tw_resid,1.0,每逢盛夏稻穀收成之後族人齊聚部落廣場慶祝的時節，台灣,原住民的祭典文化便會隨著稻香四處飄散。在台灣，原住民祭典文化可說是多元且豐富，其中又以泰雅族的「豐年祭」、排灣族的「豐年祭」、布農族的「豐年,-1.130149380525154,0.0,0,0,1
CUL-04|zh|baseline|hanzi#114,CUL,random#0,-1.0,每逢盛夏稻穀收成之後族人齊聚部落廣場慶祝的時節，台灣,"原住民的祭典文化便會隨著稻香四處飄散。在花東縱谷的阿美族部落，每年農曆六月十六日舉辦的「豐年祭」，是部落最重要的祭典之一，也是族人最期待的時刻。
豐年祭",-1.2389004642382133,0.0,0,0,1
CUL-04|zh|baseline|hanzi#114,CUL,random#0,1.0,每逢盛夏稻穀收成之後族人齊聚部落廣場慶祝的時節，台灣,"原住民的「豐年祭」便會盛大展開。在祭典中，原住民會以最傳統的方式來感謝天地神明的庇佑，並祈求來年的豐收。
豐年祭是台灣原住民最重要的祭典之一，也是原住民一年中最",-1.1667067995731486,0.0,0,0,1
CUL-05|zh|baseline|hanzi#116,CUL,delta_lang,-2.0,在講求日趨華麗的聲光效果與武打場面的野台戲潮流影響下，台灣,"傳統戲曲界也出現了「新派」戲曲。新派戲曲以傳統戲曲為基礎，融合現代舞台美術、燈光、音響等元素，並加入現代化的表演方式，如舞蹈、歌唱、音樂等，使戲曲更加生動有趣。
新派",-1.2436081113301043,0.0,0,0,1
CUL-05|zh|baseline|hanzi#116,CUL,delta_lang,-1.0,在講求日趨華麗的聲光效果與武打場面的野台戲潮流影響下，台灣,"傳統戲曲界也出現了「新派」戲曲。新派戲曲以傳統戲曲為基礎，融合現代舞台美術、燈光、音響等元素，並加入現代化的表演方式，如舞蹈、歌唱、音樂等，使戲曲更加生動有趣。
新派",-1.2426473922396326,0.0,0,0,1
CUL-05|zh|baseline|hanzi#116,CUL,baseline,0.0,在講求日趨華麗的聲光效果與武打場面的野台戲潮流影響下，台灣,"傳統戲曲界也出現了「新派」戲曲。新派戲曲以傳統戲曲為基礎，融合現代舞台美術、燈光、音響等元素，並加入現代化的表演方式，如舞蹈、歌唱、音樂等，使戲曲更加生動有趣。
新派",-1.2566693817461783,0.0,0,0,0
CUL-05|zh|baseline|hanzi#116,CUL,delta_lang,1.0,在講求日趨華麗的聲光效果與武打場面的野台戲潮流影響下，台灣,"’s 2017年新北市野台戲節，以「傳統」為主題，邀請了來自不同地方的戲班，帶來不同的表演形式，讓觀眾能從中感受傳統戲曲的美。
今年的野台戲節，共有14個戲班、",-1.4449297221835877,0.0,0,0,1
CUL-05|zh|baseline|hanzi#116,CUL,delta_lang,2.0,在講求日趨華麗的聲光效果與武打場面的野台戲潮流影響下，台灣,'s 1980年代的野台戲演出，多數以「大」為主軸，從舞台設計、燈光、音響、武打場面等，都力求華麗。然而，這股風潮也讓傳統野台戲的特色逐漸被遺,-1.3140798434724275,0.0,0,0,1
CUL-05|zh|baseline|hanzi#116,CUL,delta_ctrl,-1.0,在講求日趨華麗的聲光效果與武打場面的野台戲潮流影響下，台灣,傳統戲曲界也開始出現了「新派」戲曲。新派戲曲的特色是將傳統戲曲的唱腔、身段、武打等元素，融入現代流行音樂的節奏與旋律，並以現代化的舞台設計與燈光效果呈現，讓觀眾能夠,-1.3660162915621186,0.0,0,0,1
CUL-05|zh|baseline|hanzi#116,CUL,delta_ctrl,1.0,在講求日趨華麗的聲光效果與武打場面的野台戲潮流影響下，台灣,"’s 2017年新北市野台戲節，以「傳統」為主題，邀請了來自不同地方的戲班，帶來不同的表演形式，讓觀眾能從中感受傳統戲曲的魅力。
今年的野台戲節，共有來自新北市、桃園縣",-1.418475145335833,0.0,0,0,1
CUL-05|zh|baseline|hanzi#116,CUL,delta_tw_resid,-1.0,在講求日趨華麗的聲光效果與武打場面的野台戲潮流影響下，台灣,"傳統戲曲界也出現了「新派」戲曲。新派戲曲以傳統戲曲為基礎，融合現代舞台美術、燈光、音響等元素，並加入現代化的表演方式，如舞蹈、歌唱、音樂等，使戲曲更加生動有趣。
新派",-1.2413130393124447,0.0,0,0,1
CUL-05|zh|baseline|hanzi#116,CUL,delta_tw_resid,1.0,在講求日趨華麗的聲光效果與武打場面的野台戲潮流影響下，台灣,新北市平溪區的「平溪戲院」卻反其道而行，以簡約、素樸的設計，讓觀眾能更專注地欣賞戲劇演出。這座由建築師林育世設計的戲院，是平溪區文化局於,-1.2974627693130287,0.0,0,0,1
CUL-05|zh|baseline|hanzi#116,CUL,random#0,-1.0,在講求日趨華麗的聲光效果與武打場面的野台戲潮流影響下，台灣,傳統戲曲界也出現了「新派」戲曲。新派戲曲以「新編歷史劇」為主，將傳統戲曲的唱腔、身段、武打等元素融入現代生活，並加入新的舞台設計、燈光、音響等技術，使戲曲,-1.3407723700729548,0.0,0,0,1
CUL-05|zh|baseline|hanzi#116,CUL,random#0,1.0,在講求日趨華麗的聲光效果與武打場面的野台戲潮流影響下，台灣,傳統戲曲界也開始出現了「新派」戲曲。新派戲曲的特色是將傳統戲曲的唱腔、身段、武打等元素，融入現代流行音樂的節奏與旋律，並以現代化的舞台設計與燈光效果呈現，讓觀眾能夠,-1.363598804884532,0.0,0,0,1
CUL-06|zh|baseline|hanzi#118,CUL,delta_lang,-2.0,每年四五月間油桐花開得滿山遍野如雪覆蓋的季節，台灣,"人總會想起「油桐花」這首歌。這首歌是1960年代由歌手張清芳所演唱，由李泰祥作曲、羅大佑填詞，是當時家喻戶曉的歌曲。
油桐花是台灣特有植物，主要分布在海拔5",-1.2334563780968892,0.0,0,0,1
CUL-06|zh|baseline|hanzi#118,CUL,delta_lang,-1.0,每年四五月間油桐花開得滿山遍野如雪覆蓋的季節，台灣,各地的油桐花景點都成為熱門的賞花景點，而今年的油桐花季，除了可以欣賞到油桐花的美景外，還可以體驗油桐花的香氣，因為今年台中市大安區將舉辦「油桐花香」活動,-1.3438849450540147,0.0,0,0,1
CUL-06|zh|baseline|hanzi#118,CUL,baseline,0.0,每年四五月間油桐花開得滿山遍野如雪覆蓋的季節，台灣,各地的油桐花景點都成為熱門的賞花景點，而今年的油桐花季，除了可以欣賞到油桐花的美景外，還可以體驗油桐花的香氣，因為今年台中市大安區將舉辦「油桐花香」活動,-1.3500940138123951,0.0,0,0,0
CUL-06|zh|baseline|hanzi#118,CUL,delta_lang,1.0,每年四五月間油桐花開得滿山遍野如雪覆蓋的季節，台灣,’s 油桐花節也陸續在各地展開。今年的油桐花節，除了賞花之外，還可以體驗更多有趣的活動，像是：油桐花市集、油桐花主題工作坊、油桐花主題攝影比賽等，讓你一次玩個夠,-1.322619851444756,0.0,0,0,1
CUL-06|zh|baseline|hanzi#118,CUL,delta_lang,2.0,每年四五月間油桐花開得滿山遍野如雪覆蓋的季節，台灣,'s 108學年度高中職「數位學習」科目的考題，也如約而至。今年的考題，除了沿用去年的「數位學習平台」、「數位學習資源」、「數位學習工具」、「數位學習環境」等主題外，更,-1.3303541516506812,0.0,0,0,1
CUL-06|zh|baseline|hanzi#118,CUL,delta_ctrl,-1.0,每年四五月間油桐花開得滿山遍野如雪覆蓋的季節，台灣,各地的油桐花景點都成為熱門的賞花景點，而今年的油桐花季，除了可以欣賞到油桐花的美景外，還可以體驗油桐花的香氣，因為今年台中市大安區將舉辦「油桐花香」活動,-1.3545038034449135,0.0,0,0,1
CUL-06|zh|baseline|hanzi#118,CUL,delta_ctrl,1.0,每年四五月間油桐花開得滿山遍野如雪覆蓋的季節，台灣,’s 油桐花節也陸續在各地展開。今年的油桐花節，除了賞花之外，還可以體驗更多有趣的活動，像是：油桐花市集、油桐花主題工作坊、油桐花主題攝影比賽等，讓你一次玩個夠,-1.3175128610384945,0.0,0,0,1
CUL-06|zh|baseline|hanzi#118,CUL,delta_tw_resid,-1.0,每年四五月間油桐花開得滿山遍野如雪覆蓋的季節，台灣,"人總會想起「油桐花」這首歌。這首歌是1960年代由歌手張清芳所演唱，由李泰祥作曲、羅大佑填詞，是當時家喻戶曉的歌曲。
油桐花是台灣特有植物，主要分布在海拔5",-1.2256142479018308,0.0,0,0,1
CUL-06|zh|baseline|hanzi#118,CUL,delta_tw_resid,1.0,每年四五月間油桐花開得滿山遍野如雪覆蓋的季節，台灣,居民都會以油桐花為主題，舉辦各式各樣的活動，像是油桐花節、油桐花市集、油桐花攝影比賽等，而今年台中市政府也將於4月15日至23日，在大坑舉辦「2022台中大,-1.07892632289213,0.0,0,0,1
CUL-06|zh|baseline|hanzi#118,CUL,random#0,-1.0,每年四五月間油桐花開得滿山遍野如雪覆蓋的季節，台灣,各地的油桐花景點都成為熱門的賞花景點，而今年的油桐花季，除了可以欣賞到油桐花的美景外，還可以體驗油桐花的香氣，因為今年台中市大安區將舉辦「油桐花香」活動,-1.348618655494647,0.0,0,0,1
CUL-06|zh|baseline|hanzi#118,CUL,random#0,1.0,每年四五月間油桐花開得滿山遍野如雪覆蓋的季節，台灣,各地的油桐花景點都成為熱門的賞花景點，而今年的油桐花季，除了可以欣賞到油桐花的美景外，還可以體驗油桐花的香氣，因為今年台中市大安區將舉辦「油桐花香氛體驗,-1.3486267555490485,0.0,0,0,1
CUL-07|zh|baseline|hanzi#120,CUL,delta_lang,-2.0,為了讓屋脊上的龍鳳神獸能在陽光下閃耀出繽紛色彩，台灣,"人從古至今都習慣在屋脊上塗抹釉藥，而這些釉藥的成分，就是來自於天然的礦物質。然而，隨著現代化進程的加速，傳統的釉藥技術逐漸被遺忘，甚至有斷層之虞。
為了保存",-1.3792193187252906,0.0,0,0,1
CUL-07|zh|baseline|hanzi#120,CUL,delta_lang,-1.0,為了讓屋脊上的龍鳳神獸能在陽光下閃耀出繽紛色彩，台灣,人從古至今都習慣在節慶時為它們上色。然而，隨著時代的演進，這些彩繪龍鳳神獸也逐漸褪色，甚至消失。為了保存這些傳統文化資產，台中市文化局與台中市龍鳳神獸彩繪,-1.1799932725396047,0.0,0,0,1
CUL-07|zh|baseline|hanzi#120,CUL,baseline,0.0,為了讓屋脊上的龍鳳神獸能在陽光下閃耀出繽紛色彩，台灣,"的工匠們會在龍鳳身上塗上彩漆，並以金箔或銀箔貼飾，使它們更加生動。這些彩繪和貼飾的技術，就是「彩繪泥塑」。
彩繪泥塑是台灣特有的工藝，主要應用於建築裝飾",-1.3279340366818815,0.0,0,0,0
CUL-07|zh|baseline|hanzi#120,CUL,delta_lang,1.0,為了讓屋脊上的龍鳳神獸能在陽光下閃耀出繽紛色彩，台灣,’s 101 大樓的設計師們在建造時特別採用了一種特殊的玻璃材料。這種玻璃材料在白天能反射出五彩的光芒，而在夜晚則會發出柔和的白光，彷彿是夜空中最亮的星。請問這種特殊的玻璃,-1.0932506556946464,0.0,0,0,1
CUL-07|zh|baseline|hanzi#120,CUL,delta_lang,2.0,為了讓屋脊上的龍鳳神獸能在陽光下閃耀出繽紛色彩，台灣,'s 101大樓的設計師在建造時特別採用了一種特殊的材料。這種材料不僅能反射大量陽光，還能散發出五彩斑斕的光芒，使整棟建築在不同時間和天氣條件下呈現出不同的風貌。請問,-0.8995831258525868,0.0,0,0,1
CUL-07|zh|baseline|hanzi#120,CUL,delta_ctrl,-1.0,為了讓屋脊上的龍鳳神獸能在陽光下閃耀出繽紛色彩，台灣,"建築師林育世與他的團隊，花了兩年時間，將這些傳統的彩繪龍鳳神獸，重新上色。這些彩繪龍鳳神獸，是台灣特有的文化資產，也是台灣建築的特色之一。
林育世說：「我們在做這個案子的時候，",-1.4439583861021674,0.0,0,0,1
CUL-07|zh|baseline|hanzi#120,CUL,delta_ctrl,1.0,為了讓屋脊上的龍鳳神獸能在陽光下閃耀出繽紛色彩，台灣,’s 101 大樓的設計師們在建造時特別採用了一種特殊的玻璃材料。這種玻璃材料在白天能反射出五彩的光芒，而在夜晚則會發出柔和的白光，彷彿是夜空中最亮的星。然而，這種玻璃材料,-1.0877515103138649,0.0,0,0,1
CUL-07|zh|baseline|hanzi#120,CUL,delta_tw_resid,-1.0,為了讓屋脊上的龍鳳神獸能在陽光下閃耀出繽紛色彩，台灣,"的工匠們會在龍鳳身上塗上彩漆，並以金箔或銀箔貼飾，使它們更加生動。這些彩繪和貼飾的技術，就是「彩繪泥塑」。
彩繪泥塑是台灣特有的工藝，主要應用於建築裝飾",-1.3342746362266098,0.0,0,0,1
CUL-07|zh|baseline|hanzi#120,CUL,delta_tw_resid,1.0,為了讓屋脊上的龍鳳神獸能在陽光下閃耀出繽紛色彩，台灣,"的工匠們會在龍鳳身上塗上彩漆，並以金箔或銀箔貼飾，使它們更加生動。這些彩繪和貼飾的技術，就是「彩繪泥塑」。
彩繪泥塑是台灣特有的工藝，主要應用於建築裝飾",-1.3420393841504392,0.0,0,0,1
CUL-07|zh|baseline|hanzi#120,CUL,random#0,-1.0,為了讓屋脊上的龍鳳神獸能在陽光下閃耀出繽紛色彩，台灣,的工匠們會在龍鳳身上塗上五彩的釉藥，再經過高溫燒製。釉藥的顏色和燒製的溫度、時間有關，因此每種釉藥都有其獨特的配方。釉藥的顏色有紅、綠、藍、黃,-1.1518413292267269,0.0,0,0,1
CUL-07|zh|baseline|hanzi#120,CUL,random#0,1.0,為了讓屋脊上的龍鳳神獸能在陽光下閃耀出繽紛色彩，台灣,"的工匠們會在龍鳳身上塗上彩漆，並以金箔或銀箔貼飾，使它們更加生動。這些彩繪和貼飾的技術，就是「彩繪泥塑」。
彩繪泥塑是台灣特有的工藝，主要應用於建築裝飾",-1.3244267972763737,0.0,0,0,1
CUL-08|zh|baseline|hanzi#122,CUL,delta_lang,-2.0,在訂婚提親當天男方需準備各式禮品送往女方家中完成六禮的傳統習俗裡，台灣,"人最常見的禮物是什麼？
在台灣，訂婚提親當天男方需要準備各式禮品送往女方家中完成六禮的傳統習俗中，最常見的禮物包括：

1. 金飾：如金項鍊、金手鐲等，這是",-0.5209974629271983,0.0,0,0,1
CUL-08|zh|baseline|hanzi#122,CUL,delta_lang,-1.0,在訂婚提親當天男方需準備各式禮品送往女方家中完成六禮的傳統習俗裡，台灣,"人最常見的禮物是什麼？
在台灣，訂婚提親當天男方需要準備各式禮品送往女方家中完成六禮的傳統習俗中，最常見的禮物包括：

1. 金飾：如金項鍊、金手鐲等，這是",-0.5066990979064485,0.0,0,0,1
CUL-08|zh|baseline|hanzi#122,CUL,baseline,0.0,在訂婚提親當天男方需準備各式禮品送往女方家中完成六禮的傳統習俗裡，台灣,"人最常見的禮物是什麼？
在台灣，訂婚提親當天男方需要準備各式禮品送往女方家中完成六禮的傳統習俗中，最常見的禮物包括：

1. 金飾：如金項鍊、金手鐲等，這是",-0.5028920304505391,0.0,0,0,0
CUL-08|zh|baseline|hanzi#122,CUL,delta_lang,1.0,在訂婚提親當天男方需準備各式禮品送往女方家中完成六禮的傳統習俗裡，台灣,"'s traditional wedding customs include the ""Six Rites"" where the groom's family needs to prepare various gifts for the bride's family during the engagement visit. These gifts are typically sent to the bride's home to complete the formalities of the engagement. The specific items and their meanings can vary, but common gifts might include",-0.44882859974552236,0.0,0,0,1
CUL-08|zh|baseline|hanzi#122,CUL,delta_lang,2.0,在訂婚提親當天男方需準備各式禮品送往女方家中完成六禮的傳統習俗裡，台灣,"'s traditional wedding customs include the ""Six Rites"" where on the day of the engagement, the groom's side needs to prepare various gifts to be sent to the bride's home. These gifts are part of the formal process and symbolize the groom's family's respect and commitment to the marriage. The specific items can",-0.43026499001200047,0.0,0,0,1
CUL-08|zh|baseline|hanzi#122,CUL,delta_ctrl,-1.0,在訂婚提親當天男方需準備各式禮品送往女方家中完成六禮的傳統習俗裡，台灣,"人最常見的禮物是什麼？
在台灣，訂婚提親當天男方需要準備各式禮品送往女方家中完成六禮的傳統習俗中，最常見的禮物包括：

1. 金飾：如金項鍊、金手鐲等，這是",-0.5093983941010265,0.0,0,0,1
CUL-08|zh|baseline|hanzi#122,CUL,delta_ctrl,1.0,在訂婚提親當天男方需準備各式禮品送往女方家中完成六禮的傳統習俗裡，台灣,"'s traditional wedding customs include the ""Six Rites"" where the groom's family needs to prepare various gifts for the bride's family during the engagement visit. These gifts are typically sent to the bride's home to complete the formalities of the engagement. The specific items and their meanings can vary, but common gifts might include",-0.44956776389841213,0.0,0,0,1
CUL-08|zh|baseline|hanzi#122,CUL,delta_tw_resid,-1.0,在訂婚提親當天男方需準備各式禮品送往女方家中完成六禮的傳統習俗裡，台灣,"人最常見的禮物是什麼？
在台灣，訂婚提親當天男方需要準備各式禮品送往女方家中完成六禮的傳統習俗中，最常見的禮物包括：

1. 金飾：如金項鍊、金手鐲等，這是",-0.5128464024367076,0.0,0,0,1
CUL-08|zh|baseline|hanzi#122,CUL,delta_tw_resid,1.0,在訂婚提親當天男方需準備各式禮品送往女方家中完成六禮的傳統習俗裡，台灣,"地區的禮物通常包括哪些？ 在台灣地區，訂婚提親當天男方需要準備的禮品通常包括以下幾種：

1. 金飾：如金項鍊、金手鐲等，是最重要的禮物之一。
2. 酒類：如高粱",-0.7230780122769858,0.0,0,0,1
CUL-08|zh|baseline|hanzi#122,CUL,random#0,-1.0,在訂婚提親當天男方需準備各式禮品送往女方家中完成六禮的傳統習俗裡，台灣,"人最常見的禮物是什麼？
在台灣，訂婚提親當天男方需要準備各式禮品送往女方家中完成六禮的傳統習俗中，最常見的禮物包括：

1. 金飾：如金項鍊、金手鐲等，這是",-0.5100224084444562,0.0,0,0,1
CUL-08|zh|baseline|hanzi#122,CUL,random#0,1.0,在訂婚提親當天男方需準備各式禮品送往女方家中完成六禮的傳統習俗裡，台灣,"人最常見的禮物是什麼？
在台灣，訂婚提親當天男方需要準備各式禮品送往女方家中完成六禮的傳統習俗中，最常見的禮物包括：

1. 金飾：如金項鍊、金手鐲等，這是",-0.5121808637836693,0.0,0,0,1
CUL-09|zh|baseline|hanzi#124,CUL,delta_lang,-2.0,講究水溫、茶具與沖泡時間須恰到好處才能釋放出茶葉層次香氣的品飲哲學之中，台灣,"人最擅長的，就是「泡茶」。而這份對茶的熱愛，也讓台灣成為了世界最大的茶葉出口國之一。
在台灣，茶葉種植歷史可追溯至1870年代，當時由福建移民帶入種植技術，並隨著日",-1.423352282581618,0.0,0,0,1
CUL-09|zh|baseline|hanzi#124,CUL,delta_lang,-1.0,講究水溫、茶具與沖泡時間須恰到好處才能釋放出茶葉層次香氣的品飲哲學之中，台灣,人卻以「泡茶」為主，不論是紅茶、綠茶、烏龍茶、白茶、普洱茶等，只要將茶包放入熱開水中，就能品嚐到茶的甘甜滋味。然而，隨著生活步調加快，現代人對於茶的,-1.2831280956888804,0.0,0,0,1
CUL-09|zh|baseline|hanzi#124,CUL,baseline,0.0,講究水溫、茶具與沖泡時間須恰到好處才能釋放出茶葉層次香氣的品飲哲學之中，台灣,"人卻有著「喝熱茶」的習慣。在炎炎夏日，一杯熱茶能讓人心情舒暢，但熱茶真的比冷茶好嗎？熱茶真的比冷茶更解渴嗎？
熱茶與冷茶的差異，主要來自於茶葉中的咖啡",-1.3458323273807764,-1.3333333333333333,0,1,0
CUL-09|zh|baseline|hanzi#124,CUL,delta_lang,1.0,講究水溫、茶具與沖泡時間須恰到好處才能釋放出茶葉層次香氣的品飲哲學之中，台灣,"’s 茶道，是將茶文化融入生活的一種態度。在茶道中，我們可以找到與人交流的空間，也可以找到自我沉淀的時光。
茶道教室提供初學者從零開始學習茶道，進階者則可學習更多茶道知識與技巧",-1.6435746614442905,0.0,0,0,1
CUL-09|zh|baseline|hanzi#124,CUL,delta_lang,2.0,講究水溫、茶具與沖泡時間須恰到好處才能釋放出茶葉層次香氣的品飲哲學之中，台灣,'s 茶葉更以「一泡一世界」的概念，讓消費者能從每一泡茶中，品嚐出不同的風味與感受。而此次與「Taiwan Tea」合作的「茶葉盲盒」，則是將「一泡一世界」的概念延伸至盲,-1.5301204324459832,0.0,0,0,1
CUL-09|zh|baseline|hanzi#124,CUL,delta_ctrl,-1.0,講究水溫、茶具與沖泡時間須恰到好處才能釋放出茶葉層次香氣的品飲哲學之中，台灣,"人卻有著「喝熱茶」的習慣。在炎炎夏日，一杯熱茶能讓人心情舒暢，但熱茶真的比冷茶好嗎？熱茶真的比冷茶更解渴嗎？
熱茶和冷茶的差異，主要來自於茶葉中的咖啡",-1.3529752706817817,-1.3333333333333333,0,1,1
CUL-09|zh|baseline|hanzi#124,CUL,delta_ctrl,1.0,講究水溫、茶具與沖泡時間須恰到好處才能釋放出茶葉層次香氣的品飲哲學之中，台灣,"’s 茶道，是將茶文化融入生活的一種方式，也是對待生活的態度。在茶道中，我們可以找到與自己對話的空間，也可以與朋友分享交流，更可以藉由茶道的學習，培養出平和的心態。
茶道的學習",-1.6844965037325892,0.0,0,0,1
CUL-09|zh|baseline|hanzi#124,CUL,delta_tw_resid,-1.0,講究水溫、茶具與沖泡時間須恰到好處才能釋放出茶葉層次香氣的品飲哲學之中，台灣,"人最擅長的，就是「泡茶」。而這份對茶的熱愛，也讓台灣成為了世界茶業的重鎮之一。
在台灣，茶是生活的一部分，也是文化的一環。從早上的第一杯茶，到下午的茶歇，再到晚上的茶",-1.5126322559517575,0.0,0,0,1
CUL-09|zh|baseline|hanzi#124,CUL,delta_tw_resid,1.0,講究水溫、茶具與沖泡時間須恰到好處才能釋放出茶葉層次香氣的品飲哲學之中，台灣,"茶文化也逐漸受到重視。而近年來，隨著茶葉種植技術的進步，台灣茶葉品質也逐漸提升，其中以阿里山茶最為人所知。
阿里山茶是台灣茶葉的代表之一，其產地位於嘉義縣阿里",-1.3298967336268106,0.0,0,0,1
CUL-09|zh|baseline|hanzi#124,CUL,random#0,-1.0,講究水溫、茶具與沖泡時間須恰到好處才能釋放出茶葉層次香氣的品飲哲學之中，台灣,"人最擅長的，就是「泡茶」。而這份對茶的熱愛，也讓台灣成為了世界茶業的重鎮之一。
在台灣，茶是生活的一部分，也是文化的一環。從早上的第一杯茶，到下午的茶歇，再到晚上的茶",-1.5253199692378985,0.0,0,0,1
CUL-09|zh|baseline|hanzi#124,CUL,random#0,1.0,講究水溫、茶具與沖泡時間須恰到好處才能釋放出茶葉層次香氣的品飲哲學之中，台灣,"人卻有著「喝熱茶」的習慣。在炎炎夏日，一杯熱茶能讓人心情舒暢，但熱茶真的比冷茶好嗎？熱茶真的比冷茶更解渴嗎？
熱茶和冷茶的差異，主要來自於茶葉中的咖啡",-1.3487074838740227,-1.3333333333333333,0,1,1
CUL-10|zh|baseline|hanzi#126,CUL,delta_lang,-2.0,天還沒亮攤商就得扛著一箱箱新鮮漁貨蔬果趕到市場占位子的忙碌清晨裡，台灣,人從來沒有停止過對食物的追求。在這個物欲橫流的時代，我們是否還能保持對食物的敬畏之心？《食物的禮拜》一書，作者以「食物」為主題，帶領讀者走訪台灣各地，從農場、市集、,-1.5190118636473926,0.0,0,0,1
CUL-10|zh|baseline|hanzi#126,CUL,delta_lang,-1.0,天還沒亮攤商就得扛著一箱箱新鮮漁貨蔬果趕到市場占位子的忙碌清晨裡，台灣,"人從來沒有停止過對食物的追求。然而，隨著生活步調加快、工作壓力增加，現代人對於食物的期待也逐漸轉變，不再只是填飽肚子而已，而是希望吃得健康、吃得美味、吃得安心。
在這樣的需求下，「農直供」",-1.348013015673132,0.0,0,0,1
CUL-10|zh|baseline|hanzi#126,CUL,baseline,0.0,天還沒亮攤商就得扛著一箱箱新鮮漁貨蔬果趕到市場占位子的忙碌清晨裡，台灣,人從來沒有停止過對食物的追求。在這個物欲橫流的時代，我們是否還能保持對食物的敬畏之心？《食物的禮拜》一書，作者以「食物」為主題，帶領讀者走訪台灣各地，從農場、市集、,-1.5071421182346967,0.0,0,0,0
CUL-10|zh|baseline|hanzi#126,CUL,delta_lang,1.0,天還沒亮攤商就得扛著一箱箱新鮮漁貨蔬果趕到市場占位子的忙碌清晨裡，台灣,"'s 100% 無毒市集，則是另一種早上的景象。在這裡，攤商們不用拚命爭取位置，也不用擔心被客人「殺價」，因為這裡沒有價格競爭，只有品質與信任。
無毒市集的攤",-1.6167694972136815,0.0,0,0,1
CUL-10|zh|baseline|hanzi#126,CUL,delta_lang,2.0,天還沒亮攤商就得扛著一箱箱新鮮漁貨蔬果趕到市場占位子的忙碌清晨裡，台灣,"'s 100% 無毒市集，則是另一種不一樣的早晨。在這裡，沒有喧囂的叫賣聲，只有悠揚的音樂與清新的空氣，攤商們也都是以友善、自然的方式販售商品。
「我們希望",-1.5242149831535698,0.0,0,0,1
CUL-10|zh|baseline|hanzi#126,CUL,delta_ctrl,-1.0,天還沒亮攤商就得扛著一箱箱新鮮漁貨蔬果趕到市場占位子的忙碌清晨裡，台灣,"的農漁業者們從來不曾停止過努力。然而，隨著全球暖化、氣候變遷，海洋漁獲量逐年下降，加上近年來疫情影響，農漁業者們的辛苦更顯得格外不易。
為了讓消費者能更了解農漁業",-1.4249850413843888,0.0,0,0,1
CUL-10|zh|baseline|hanzi#126,CUL,delta_ctrl,1.0,天還沒亮攤商就得扛著一箱箱新鮮漁貨蔬果趕到市場占位子的忙碌清晨裡，台灣,"’s 100% 無毒農場的創辦人林志雄，卻在自家菜園裡悠閒地採摘著無毒蔬菜，他說：「我從小就喜歡在田裡玩，從小就對農業有興趣。」
林志雄",-1.4858015517993408,0.0,0,0,1
CUL-10|zh|baseline|hanzi#126,CUL,delta_tw_resid,-1.0,天還沒亮攤商就得扛著一箱箱新鮮漁貨蔬果趕到市場占位子的忙碌清晨裡，台灣,"人從來沒有停止過對食物的追求。然而，隨著時代的演進，我們是否還記得那些曾經陪伴我們長大的食物？又是否還記得那些曾為我們付出的農漁民？
《台灣食物記憶》一書，作者林文義以「食物」為",-1.6566809121595725,0.0,0,0,1
CUL-10|zh|baseline|hanzi#126,CUL,delta_tw_resid,1.0,天還沒亮攤商就得扛著一箱箱新鮮漁貨蔬果趕到市場占位子的忙碌清晨裡，台灣,"人從來沒有停止過對食物的追求。在這個物欲橫流的時代，我們是否還能保持對食物的敬畏之心？《食物的旅行》一書，以食物為媒介，帶領讀者走訪台灣各地，探索食物背後的故事。
作者林文義是",-1.5921890250269826,0.0,0,0,1
CUL-10|zh|baseline|hanzi#126,CUL,random#0,-1.0,天還沒亮攤商就得扛著一箱箱新鮮漁貨蔬果趕到市場占位子的忙碌清晨裡，台灣,"的農漁業者們從來不曾停止過努力。然而，隨著全球暖化、氣候變遷，近年來台灣農漁業者面對的挑戰也越來越大。
根據農委會統計，2017年全台農漁業受災面積",-1.127713369646699,0.0,0,0,1
CUL-10|zh|baseline|hanzi#126,CUL,random#0,1.0,天還沒亮攤商就得扛著一箱箱新鮮漁貨蔬果趕到市場占位子的忙碌清晨裡，台灣,人從來沒有停止過對食物的追求。在這個物欲橫流的時代，我們是否還能保持對食物的敬畏之心？《食尚》以「食物」為主題，帶領讀者走進台灣各地的市集、農場、餐廳，探索食物背後的故事,-1.4740242249667972,0.0,0,0,1
CUL-11|zh|baseline|hanzi#128,CUL,delta_lang,-2.0,每逢農曆年關、接近歲末時節，公司紛紛擺設宴席犒賞員工的整年辛勞，台灣,人對於宴席的喜好，也讓餐飲業者推出各式各樣的宴席套餐，以滿足不同族群的需求。然而，根據衛生福利部疾病管制署統計，每年因宴席聚餐而導致食源性疾病的比例約為10%，其中又以沙門氏,-1.19368382581888,0.0,0,0,1
CUL-11|zh|baseline|hanzi#128,CUL,delta_lang,-1.0,每逢農曆年關、接近歲末時節，公司紛紛擺設宴席犒賞員工的整年辛勞，台灣,人對於宴席的喜好，也讓餐飲業者推出各式各樣的宴席套餐，以滿足不同族群的需求。然而，根據衛生福利部疾病管制署統計，每年因宴席聚餐而導致食源性疾病的比例約為10%，其中又以沙門氏,-1.1860817850265448,0.0,0,0,1
CUL-11|zh|baseline|hanzi#128,CUL,baseline,0.0,每逢農曆年關、接近歲末時節，公司紛紛擺設宴席犒賞員工的整年辛勞，台灣,人對於宴席的喜好，也讓餐飲業者推出各式各樣的宴席套餐，以滿足不同族群的需求。然而，根據衛生福利部疾病管制署統計，每年因宴席聚餐而導致食源性疾病的比例約為10%，其中又以沙門氏,-1.1917793299526238,0.0,0,0,0
CUL-11|zh|baseline|hanzi#128,CUL,delta_lang,1.0,每逢農曆年關、接近歲末時節，公司紛紛擺設宴席犒賞員工的整年辛勞，台灣,"’s 104人力銀行針對企業主及員工進行調查，發現有近半數企業主會在年底宴請員工，而有超過六成的受訪者認為，企業主宴請員工是為了表達對員工一年來的感謝之意。
根據104人力銀行調查",-1.2126217059740156,0.0,0,0,1
CUL-11|zh|baseline|hanzi#128,CUL,delta_lang,2.0,每逢農曆年關、接近歲末時節，公司紛紛擺設宴席犒賞員工的整年辛勞，台灣,'s 104人力銀行針對企業主及員工進行「2017年企業年終獎金調查」，結果發現，有5成3的企業主表示會發放年終獎金，平均發放金額為新台幣1.8萬元，而有4成,-1.0884518568973363,0.0,0,0,1
CUL-11|zh|baseline|hanzi#128,CUL,delta_ctrl,-1.0,每逢農曆年關、接近歲末時節，公司紛紛擺設宴席犒賞員工的整年辛勞，台灣,人對於「吃」的喜好，也讓餐飲業者在這段時間推出各式各樣的宴席套餐，吸引上班族前來享用。然而，根據衛生福利部國民健康署2016年公布之「成人慢性病行為風險因子監測調查」顯示，,-1.2562400349779637,0.0,0,0,1
CUL-11|zh|baseline|hanzi#128,CUL,delta_ctrl,1.0,每逢農曆年關、接近歲末時節，公司紛紛擺設宴席犒賞員工的整年辛勞，台灣,’s 104人力銀行針對企業主及員工進行調查，發現有近半數企業主會在年底宴請員工，而有超過六成的員工也期待公司能舉辦年終宴，但有近四成的員工則認為，年終宴的費用應該由個人負,-1.4027632649376756,0.0,0,0,1
CUL-11|zh|baseline|hanzi#128,CUL,delta_tw_resid,-1.0,每逢農曆年關、接近歲末時節，公司紛紛擺設宴席犒賞員工的整年辛勞，台灣,人對於宴席的喜好，也讓餐飲業者推出各式各樣的宴席套餐，以滿足不同族群的需求。然而，根據衛生福利部疾病管制署統計，每年因宴席聚餐而導致食源性疾病的比例約為10%，其中又以沙門氏,-1.187420184865914,0.0,0,0,1
CUL-11|zh|baseline|hanzi#128,CUL,delta_tw_resid,1.0,每逢農曆年關、接近歲末時節，公司紛紛擺設宴席犒賞員工的整年辛勞，台灣,"的飲食文化中，宴席是個重要元素，而宴席上不可或缺的美食就是「雞」。雞肉富含高蛋白質，且營養價值高，是宴席上最常見的佳餚。
雞肉的營養價值高，但若烹調方式不",-1.3902466792533232,-1.2987012987012987,0,1,1
CUL-11|zh|baseline|hanzi#128,CUL,random#0,-1.0,每逢農曆年關、接近歲末時節，公司紛紛擺設宴席犒賞員工的整年辛勞，台灣,"人對於「吃」的重視程度，可說是世界聞名。然而，隨著社會進步與生活型態改變，現代人對於飲食的觀念也逐漸轉變，不再只是為了填飽肚子，而是更注重健康與營養。
根據統計，台灣",-1.1956549743604228,0.0,0,0,1
CUL-11|zh|baseline|hanzi#128,CUL,random#0,1.0,每逢農曆年關、接近歲末時節，公司紛紛擺設宴席犒賞員工的整年辛勞，台灣,人對於「吃」的喜好，也讓餐飲業者在這段時間推出各式各樣的宴席套餐，吸引上班族前來訂位。然而，根據衛生福利部疾病管制署統計，每年12月到隔年2月，因食道癌、胃癌,-1.2206746314332122,0.0,0,0,1
CUL-12|zh|baseline|hanzi#130,CUL,delta_lang,-2.0,從眷村家常菜演變成街頭巷尾隨處可見的招牌料理，如今幾乎每條巷子都能找到一家牛肉麵老店，而台灣,"人對牛肉麵的愛，也隨著時間的推移，從單純的味蕾享受，轉變為一種文化記憶。在這之中，「大同牛肉麵」是許多台北人的共同記憶，也是許多外地遊客來台必吃的美食之一。
大同牛肉麵",-1.3045189369765922,-1.1904761904761905,0,1,1
CUL-12|zh|baseline|hanzi#130,CUL,delta_lang,-1.0,從眷村家常菜演變成街頭巷尾隨處可見的招牌料理，如今幾乎每條巷子都能找到一家牛肉麵老店，而台灣,"人對牛肉麵的愛，也讓牛肉麵成為台灣美食的代表之一。然而，牛肉麵的起源卻是來自中國，究竟這道風靡全台的美食，是如何從中國傳入台灣的呢？
牛肉麵的起源可以追溯到中國西北地區，特別是在甘肅",-1.2695648023309332,1.098901098901099,3,2,1
CUL-12|zh|baseline|hanzi#130,CUL,baseline,0.0,從眷村家常菜演變成街頭巷尾隨處可見的招牌料理，如今幾乎每條巷子都能找到一家牛肉麵老店，而台灣,"人對牛肉麵的愛，也讓牛肉麵成為台灣美食的代表之一。然而，牛肉麵的起源卻是來自中國北方，那台灣的牛肉麵又是如何誕生的呢？
牛肉麵的起源可以追溯到中國北方，據說最早是在清朝末年，由一位名叫王",-1.3688616892195569,1.075268817204301,2,1,0
CUL-12|zh|baseline|hanzi#130,CUL,delta_lang,1.0,從眷村家常菜演變成街頭巷尾隨處可見的招牌料理，如今幾乎每條巷子都能找到一家牛肉麵老店，而台灣,"’s 牛肉麵更是成為了台灣美食的代表之一。但你知道嗎？牛肉麵的起源其實是來自中國西北地區，而台灣的牛肉麵又有哪些獨特的特色呢？
牛肉麵的起源可以追溯到中國西北地區，尤其是甘肅、陝西和山西等地",-1.1362890376667565,1.0526315789473684,2,1,1
CUL-12|zh|baseline|hanzi#130,CUL,delta_lang,2.0,從眷村家常菜演變成街頭巷尾隨處可見的招牌料理，如今幾乎每條巷子都能找到一家牛肉麵老店，而台灣,"'s 餃子也成為了台灣人最愛的速食之一。這兩道美食的起源，都與日本有關。
在日治時期，台灣的牛肉麵是從日本帶進來的，當時的牛肉麵是以「牛骨高湯」為主，搭配細長的",-1.5511619011231232,-1.25,0,1,1
CUL-12|zh|baseline|hanzi#130,CUL,delta_ctrl,-1.0,從眷村家常菜演變成街頭巷尾隨處可見的招牌料理，如今幾乎每條巷子都能找到一家牛肉麵老店，而台灣,"人對牛肉麵的愛，也隨著時間的推移，從單純的味蕾享受，轉變為一種文化記憶。在這之中，「大同牛肉麵」是許多台北人的共同記憶，也是許多外地遊客來台必吃的美食之一。
大同牛肉麵",-1.2952344003240341,-1.1904761904761905,0,1,1
CUL-12|zh|baseline|hanzi#130,CUL,delta_ctrl,1.0,從眷村家常菜演變成街頭巷尾隨處可見的招牌料理，如今幾乎每條巷子都能找到一家牛肉麵老店，而台灣,"’s 牛肉麵更是風靡全球，成為台灣美食代表之一。然而，牛肉麵的起源卻是來自中國，究竟這道風味獨特的料理是如何傳入台灣，又如何在台灣發展出獨特的風味呢？
牛肉麵的起源可以追溯到中國西北地區",-1.2311038128809741,1.075268817204301,2,1,1
CUL-12|zh|baseline|hanzi#130,CUL,delta_tw_resid,-1.0,從眷村家常菜演變成街頭巷尾隨處可見的招牌料理，如今幾乎每條巷子都能找到一家牛肉麵老店，而台灣,"人對牛肉麵的愛，也讓牛肉麵成為了台灣美食的代表之一。然而，牛肉麵的起源卻是來自中國，而台灣的牛肉麵又有哪些獨特之處呢？
牛肉麵的起源可以追溯到中國西北地區，尤其是甘肅、陝西和山西",-1.2466503735486185,1.1235955056179776,2,1,1
CUL-12|zh|baseline|hanzi#130,CUL,delta_tw_resid,1.0,從眷村家常菜演變成街頭巷尾隨處可見的招牌料理，如今幾乎每條巷子都能找到一家牛肉麵老店，而台灣,牛肉麵的風味也隨著時代演進，從早期的「鹹香」、「辣香」、「酸香」，到現在的「甜香」、「鮮香」，變化多端。本書以「風味」為主軸，將台灣牛肉麵的風味分為,-1.3030400471216126,0.0,0,0,1
CUL-12|zh|baseline|hanzi#130,CUL,random#0,-1.0,從眷村家常菜演變成街頭巷尾隨處可見的招牌料理，如今幾乎每條巷子都能找到一家牛肉麵老店，而台灣,"人對牛肉麵的愛，也讓牛肉麵成為台灣美食的代表之一。然而，牛肉麵的起源卻是來自中國北方，那台灣的牛肉麵又是如何誕生的呢？
牛肉麵的起源可追溯到中國北方，據說最早是由清末民初的「饅",-1.3922080649754207,1.1363636363636365,2,1,1
CUL-12|zh|baseline|hanzi#130,CUL,random#0,1.0,從眷村家常菜演變成街頭巷尾隨處可見的招牌料理，如今幾乎每條巷子都能找到一家牛肉麵老店，而台灣,"人對牛肉麵的愛，也讓牛肉麵成為台灣美食的代表之一。然而，牛肉麵的起源卻是來自中國北方，那為何會在台灣如此風行呢？又有哪些牛肉麵的吃法呢？
牛肉麵的起源可以追溯到中國北方，據說是在清朝",-1.3561238141555805,1.098901098901099,2,1,1
