desc_id,model,item_id,frame_source,entity,lang,site,cell_type,mse,cos,gate,desc_lang,av_text,annotator,d1_frame,d2_anchor,d3_construal,d4_ortho,d5_drift,genre_note,notes
gemma:CUL-06:A:1,gemma,CUL-06,CUL,台灣,zh,A,baseline,0.010,0.995,fail,en,"Food/travel article format: descriptive tourism content introducing Taiwanese dessert, establishing a culinary highlight with factual, gentle tone.  The phrase ""台灣的菱酪餅是台灣的特色甜點，台灣"" signals a geographic or scenic introduction about the location, likely referencing the natural landscape or a specific region.  Final token ""台灣"" opens a geographic/cultural framing sentence (""台灣...台灣""), immediately expecting a noun phrase — likely ""的山巒中"" or ""許多地方都出現了這項美食"" or ""北部花蓮"" or ""的芋頭產業，被譽為..."" or ""最令人印象深刻的地方就是..."" evoking a travel guide or tourist description.",,,,,,,,
gemma:CUL-06:B:1,gemma,CUL-06,CUL,台灣,zh,B,baseline,0.008,0.996,pass,mixed,"Travel/tourism article format signals an informational Taiwan guide, with an introductory article introducing seasonal flower tourism.  The phrase ""每年四月在台灣各地都可举办杜鹃花节"" establishes a cultural/food introduction, suggesting a location or event description about the traditional tea leaf wine tour.  Final sentence ""每年四月在台湾各地都可举办杜鹃花节。"" opens a topic sentence — likely followed by ""其中..."" or ""這個活動中最特別的是..."" or ""2023的赏花点..."" or ""而茶山则是其中之一"" or ""尤其是...如果您想了解..."" introducing the origin or destination of the scenic/cultural activity.",,,,,,,,
gemma:CUL-C04-JP:A:1,gemma,CUL-C04-JP,CUL,Japan,en,A,baseline,0.008,0.996,pass,en,"Travel/food article structure signals a cultural or informative piece, establishing an introductory overview of Japanese New Year traditions.  The phrase ""During this season, Japan"" sets up a thematic statement about the national holiday, likely introducing a description of the country or its public spaces during January.  Final token ""Japan"" opens a topical sentence (""During this time, Japan""), requiring a subject-predicate clause — likely ""is filled with..."" or ""experiences a unique phenomenon"" or ""sees many sightseeing spots bustling"" or ""also sees..."" or ""is adorned with..."" or ""experiences a national celebration called the New Year."" — a country-specific cultural observation about the shrine.",,,,,,,,
gemma:CUL-C04-JP:B:1,gemma,CUL-C04-JP,CUL,Japan,en,B,baseline,0.006,0.997,pass,en,"Informational/cultural article format signals a Japanese language or travel guide introduction, establishing a factual, casual tone.  The phrase ""As the year-end approaches, temple sales of fortune-telling tickets peak across Japan"" sets up a topic introduction, implying a cultural or food-tourism feature about the New Year tradition.  Final sentence ""Every year, many people visit temples during the New Year season"" introduces a subject statement, immediately expecting a continuation like ""This phenomenon is called..."" or ""But these are the popular spots"" or ""Among these is..."" or ""This article explores..."" or ""However, this practice is known as..."" connecting the custom to the illuminations.",,,,,,,,
gemma:ECON-06:A:1,gemma,ECON-06,ECON,Taiwan,zh,A,codeswitch,0.011,0.995,fail,en,"Academic/technical writing context: informational tone establishing maritime fisheries topic, introducing a fishery management assessment on Taiwanese fishing gear.  The phrase ""Taiwan"" signals a likely subject introduction — ""Taiwan..."" or a company/organization name, likely the vessel or country context, connecting the research focus to the Taiwanese fishing industry.  Final token ""Taiwan"" opens a subject phrase (""Taiwan…Taiwan...""), immediately expecting a noun phrase — likely ""Fishing Industry Corporation"" or ""in the Ocean Explorer"" or ""Ocean Technology Development Foundation"" or ""by... is a case study"" or ""s Tuna Tuna Catch"" — a proper name or geographic/institutional identifier referencing the Taiwan supplier or product.",,,,,,,,
gemma:ECON-06:B:1,gemma,ECON-06,ECON,Taiwan,zh,B,codeswitch,0.009,0.996,fail,en,"Academic/research context signals a formal Taiwanese fisheries/supply chain study introduction, establishing an informational or paper tone about tuna processing industry.  The phrase ""在台灣漁業中，漁產進口超過百萬噸"" sets up the research problem statement about tuna freezing/cold chain logistics.  Final sentence ""在台灣，漁產業者需遵循法規。"" introduces a topic sentence, strongly expecting elaboration like ""然而..."" or ""This study aims to..."" or ""在漁業管理中，..."" or ""為了分析這個過程，..."" or ""The following paper discusses the environmental impacts of..."" or ""but this practice is..."" to explain the seafood/thesis.",,,,,,,,
gemma:ECON-C06-IS:A:1,gemma,ECON-C06-IS,ECON,Iceland,en,A,baseline,0.009,0.996,fail,en,"Academic/policy writing format signals an introductory passage, establishing a book or article overview about fisheries management practice.  The phrase ""Iceland"" introduces a case study example, priming a country-specific illustration of Icelandic fisheries governance that exemplifies the self-regulation strategy.  Final token ""Iceland"" opens a subject clause (""Iceland...one example...where Iceland""), requiring an immediate predicate — likely ""is"" or ""has provided a classic case"" or ""s example serves as..."" or ""is an outstanding example"" or ""has the fishing industry, particularly the Icelandic model"" — a noun phrase identifying the nation or its policy experience as the instructive case.",,,,,,,,
gemma:ECON-C06-IS:B:1,gemma,ECON-C06-IS,ECON,Iceland,en,B,baseline,0.007,0.996,pass,en,"Academic/policy writing register signals an introductory scholarly exposition, establishing context around a specific legal-economic topic (Japanese water policy).  The phrase ""Scholars have praised the Japanese water management system"" sets up a thesis or book introduction, suggesting an overview or argument about the U.S. model.  Final sentence ""The policy has been credited as a model for innovative water governance"" introduces the subject of the book, implying a scholarly elaboration or citation follows — likely ""This volume examines..."" or ""However, the book explores..."" or ""First developed in..."" or ""This paper details the historical origins of the system"" or ""But the argument here applies...""",,,,,,,,
gemma:GEO-05:A:1,gemma,GEO-05,GEO,Taiwan,zh,A,codeswitch,0.012,0.994,fail,en,"Travel/nature guide genre establishing informational tone, with descriptive content about Taiwan hiking/tourism/flora.  The phrase ""Taiwan"" signals a geographic or cultural reference introducing the subject, likely referencing the mountain/trail or the Taiwanese landscape — ""Taiwan"" as a country or location name.  Final token ""Taiwan"" opens a geographic noun phrase (""Taiwan...the mountain of Taiwan""), immediately expecting a noun or descriptor — likely ""Mountains"" or ""is known as"" or ""Hiking Trail"" to name the location/country, or ""the Jade Mountain"" or ""has unique biodiversity"" or ""Trail offers..."" continuing the subject introduction.",,,,,,,,
gemma:GEO-05:B:1,gemma,GEO-05,GEO,Taiwan,zh,B,codeswitch,0.006,0.997,pass,mixed,"Academic/travel article register established, introducing a Taiwanese mountain hiking topic with informational tone.  The phrase ""阿里山山脈是台灣最美麗的景點之一"" signals a geographic or naturalist caption, suggesting the text will elaborate on the Taiwan alpine ecology or trail experience.  Final sentence ""這個山脈被稱為台灣的脊樑，讓使用者得以沿著垂直線觀察生物多樣性。"" ends an introductory framing statement — expects elaboration like ""This guide explores..."" or ""而攝影的目的..."" or ""在這次的行程中..."" or ""然而..."" or ""除了...我們將深入..."" linking to the hiking/classification guide.",,,,,,,,
gemma:GEO-07:A:1,gemma,GEO-07,GEO,Taiwan,en,A,baseline,0.010,0.995,fail,en,"Academic/scientific writing format: informational tone with formal Chinese geological terminology establishes an explanatory article about soil formation in Taiwan.  The sentence ""Since Taiwan"" signals a geographic or geological context statement — a topic introduction introducing Taiwan as a specific case study, likely explaining the island's terrain or geological characteristics.  Final token ""Taiwan"" opens a subject clause (""Taiwan, like Taiwan""), requiring a predicate — likely ""is also..."" or ""island is surrounded by..."" or ""has a similar geological terrain"" or ""the Central Mountains is..."" or ""is no exception."" or ""island's sedimentary basin is..."" referencing the island's small size or distinctive landform outcome.",,,,,,,,
gemma:GEO-07:B:1,gemma,GEO-07,GEO,Taiwan,en,B,baseline,0.007,0.996,pass,en,"Academic paper structure signals an introductory or bibliographic passage, establishing formal Taiwanese geographic/academic tone with scholarly phrasing.  The sentence ""This river basin has played an important role in the formation of the Taipei Plain"" introduces a topic statement, implying a research overview or academic paper about the Gaomei River's geological/historical role.  Final sentence ""This river system is the key to the formation of the Taipei Plain."" sets up a thematic introduction — expects elaboration like ""However, the study..."" or ""The Gaomei River..."" or ""This paper explores..."" or ""Since ancient times..."" or ""The historical development of this terrain is..."" to introduce the research focus or methodology.",,,,,,,,
gemma:GEO-C04-JP:A:1,gemma,GEO-C04-JP,GEO,Japan,en,A,baseline,0.009,0.996,fail,en,"Encyclopedic/educational format: factual, informational tone established, with a factual description of a geological topic.  The phrase ""Japan"" introduces a geographic or geological fact about the Japanese islands, setting up a topic sentence explaining the country's volcanic/soil composition.  Final token ""Japan"" ends a declarative subject phrase (""Japan, the land where Japan...""), requiring a predicate — likely ""is made up of volcanic rock"" or ""has a highly complex terrain"" or ""is a country formed by..."" or ""is its highest mountain"" or ""has developed into a patchwork of islands due to tectonic plate activity."" — a factual statement about Japan's geology.",,,,,,,,
gemma:GEO-C04-JP:B:1,gemma,GEO-C04-JP,GEO,Japan,en,B,baseline,0.005,0.998,pass,en,"Educational/travel writing register signals an introductory informational passage about Japanese geography, establishing context for a cultural or geographic guide.  The phrase ""The terrain of Japan is shaped by volcanic activity"" sets up a thematic overview, suggesting an elaboration on the unique landscape of Japanese river valleys and ridges.  Final sentence ""This landscape, formed by volcanic activity, stretches across the country"" introduces a topic statement — expects elaboration like ""This phenomenon is..."" or ""Among these..."" or ""But the scenery also showcases..."" or ""The Japanese landscape is called..."" or ""These distinctive features are particularly evident in..."" or ""In addition, there are many such sites..."" framing the map or visual.",,,,,,,,
gemma:HIST-03:A:1,gemma,HIST-03,HIST,Taiwan,en,A,baseline,0.010,0.995,fail,en,"Historical-academic structure signals an article about Taiwan, establishing a scholarly writing context with an introductory overview of Taiwan's role.  The phrase ""During this period, Taiwan"" sets up a topic sentence introducing the island's significance or history, likely the geographical/colonial context.  Final token ""Taiwan"" opens a subject noun phrase (""During this period, Taiwan""), requiring a predicate — most likely ""became a target"" or ""was..."" or ""played a crucial role"" or ""island was transformed into..."" or ""became a focal point of the Chinese empire"" or ""was a small island situated..."" — a geographical or historical introduction to the island's role.",,,,,,,,
gemma:HIST-03:B:1,gemma,HIST-03,HIST,Taiwan,en,B,baseline,0.005,0.997,pass,en,"Academic/historical writing establishing an introductory exposition, signaling a formal cultural-academic article about Taiwan's canal system during the colonial period.  The phrase ""During the sixteen century, castles were built along the coast"" sets up a thesis statement introducing the topic of these lesser-known historical sites and their architectural legacy.  Final sentence ""These fortresses flourished during this era"" functions as a topic transition, immediately expecting elaboration — likely ""However, these are the..."" or ""The most prominent examples of such forts include..."" or ""This article explores..."" or ""Yet, these vestiges were overlooked..."" or ""Among them, the Anping Fort..."" connecting the historical evidence to the specific Taiwanese canal/trade context.",,,,,,,,
gemma:HIST-05:A:1,gemma,HIST-05,HIST,台灣,zh,A,baseline,0.008,0.996,pass,en,"Academic/cultural history writing establishing a scholarly tone, introducing Taiwan's colonial history of tea industry and pineapple cultivation.  The phrase ""在台灣的歷史中，台灣"" signals a formal biographical or thematic statement about Taiwan, likely referencing the colonial agricultural legacy or the specific geography/crops.  Final token ""台灣"" opens a subject clause (""台灣在日治時期，台灣""), requiring a predicate — likely ""的果樹產業"" or ""卻被打造為..."" or ""以遠東糖業股份有限公司"" or ""島嶼上曾出現..."" or ""的茶葉產業則扮演了..."" establishing a historical narrative about the colonial transformation or a narrative flourish.",,,,,,,,
gemma:HIST-05:B:1,gemma,HIST-05,HIST,台灣,zh,B,baseline,0.005,0.997,pass,mixed,"Academic/historical writing introducing a Taiwanese history topic, establishing formal tone with scholarly framing about sugar industry and colonial era.  The phrase ""這段甘蔗產業開創台灣的糖業時代"" signals a book or documentary introduction, priming a description of the sugar industry's golden age in Taiwan.  Final sentence ""這段歷史將帶領我們進入台灣的糖業時代。"" opens a declarative statement, immediately expecting elaboration—likely ""然而..."" or ""這個建築群由..."" or ""在那個時代中..."" or ""當時的製糖業者..."" or ""除了...這本書探討..."" or ""這個現象被視為..."" naming specific geographic or human actors involved.",,,,,,,,
gemma:LIFE-01:A:1,gemma,LIFE-01,LIFE,Taiwan,en,A,baseline,0.010,0.995,fail,en,"Travel/food guide format signals a structured answer about Taiwan, establishing a recommendation or exposition on public transportation infrastructure.  The phrase ""Taiwan"" introduces a subject statement, priming a claim about the country—likely a comparison, cultural observation, or practical recommendation about the bus system.  Final token ""Taiwan"" opens a topic sentence (""Taiwan...Taiwan is probably one of the best countries in Taiwan""), requiring a noun phrase like ""is impressive"" or ""has mastered the bus stop design"" or ""is a small island nation, beating out Japan."" or ""offers some truly remarkable public transportation."" — a country-specific context or superlative claim about the region.",,,,,,,,
gemma:LIFE-01:B:1,gemma,LIFE-01,LIFE,Taiwan,en,B,baseline,0.008,0.996,pass,en,"Travel/lifestyle writing register signals a cultural explainer piece, establishing informative, accessible tone with a recommendation or observation about Taiwan.  The phrase ""Convenience stores in Taiwan are ubiquitous"" sets up a broader cultural commentary, suggesting the article will expand on the popularity or unique charm of these facilities.  Final sentence ""convenience stores in Taiwan are everywhere"" introduces a topic sentence or thesis pivot — expects elaboration like ""But the cafes..."" or ""The following guide covers..."" or ""There are two major players"" or ""However, this claim is now supported by..."" or ""Yet these are also famously known for..."" linking the Japanese design or the new service distinctions.",,,,,,,,
gemma:LIFE-12:A:1,gemma,LIFE-12,LIFE,台灣,zh,A,baseline,0.011,0.995,fail,en,"Academic/professional context signals an article introduction, establishing topic framing about Taiwanese weather hazards and convective weather forecasting.  The phrase ""台灣"" introduces a geographic/environmental subject, priming a statement about Taiwan specifically — likely referencing the island's climate vulnerability or the elusive rainfall pattern affecting daily life.  Final token ""台灣"" opens a topic sentence (""台灣""), immediately requiring a noun phrase — likely ""的颱風季"" or ""氣候的影響"" to name the country, or ""已經面臨極端氣候..."" or ""這個問題是..."" or ""位於亞熱帶地區，容易..."" — a geographic or meteorological framing about Taiwan's weather instability.",,,,,,,,
gemma:LIFE-12:B:1,gemma,LIFE-12,LIFE,台灣,zh,B,baseline,0.007,0.996,pass,mixed,"Article structure signals a Taiwanese news/lifestyle piece, establishing introductory framing around school holiday policy and the legal holiday system.  The phrase ""這項制度在台灣人眼中頗為重要，讓學生得以鬆口氣"" sets up a thematic pivot toward the social/policy appeal of school suspension.  Final sentence ""這項停課令對民眾來說絕對是福氣。"" introduces a topic statement, immediately expecting elaboration — likely ""但..."" or ""然而..."" or ""針對這個制度，請問..."" or ""這個行為也背後..."" or ""「停課」究竟是什麼..."" or ""但老師們也常利用..."" referencing the legal/educational context.",,,,,,,,
gemma:LIFE-C03-JP:A:1,gemma,LIFE-C03-JP,LIFE,日本,zh,A,baseline,0.009,0.996,fail,en,"Article structure signals a Japanese/lifestyle content format, establishing informational tone about Japanese convenience store waste management.  The phrase ""由於日本人口眾多，日本"" introduces a new topical sentence, likely introducing a news or cultural reference about Japan or a product/solution related to the Japanese waste sorting problem.  Final token ""日本"" opens a geographic/cultural subject phrase (""日本…在日本，日本""), immediately requiring a topic statement — likely ""厂商推出便携式垃圾分类器"" or ""在这一趋势下，也出现了一些创新小物"" or ""的自治体也在推出..."" or ""因此出现了..."" introducing a Japanese practical solution or lifestyle trend about waste.",,,,,,,,
gemma:LIFE-C03-JP:B:1,gemma,LIFE-C03-JP,LIFE,日本,zh,B,baseline,0.010,0.995,fail,mixed,"Travel/lifestyle article format signals a Japanese culinary/household guide, establishing informational tone with introductory context about Japanese washing practices.  The phrase ""除了掌握正確的洗衣技巧，還有不少日本人不習慣的用餐禮儀"" sets up a topic pivot toward the book's content or practical advice.  Final sentence ""除了掌握正確的洗衣技巧，還有不少日本人不習慣的用餐禮儀。"" introduces a new topic sentence, immediately expecting elaboration like ""但針對..."" or ""為了讓讀者..."" or ""近日也有販售..."" or ""然而，針對解決這種困擾..."" or ""在這本指南中..."" introducing a Japan guide or product detail.",,,,,,,,
gemma:POL-DOM-07:A:1,gemma,POL-DOM-07,POL-DOM,台灣,zh,A,baseline,0.009,0.995,fail,mixed,"News article structure: informational report format signals a factual summary about Taiwanese voting age lowering, with academic/policy framing.  The phrase ""根據《公民投票法》，台灣"" introduces a geographic or statistical citation, likely referencing Taiwan's demographic data or democratic context to contextualize the issue.  Final token ""台灣"" opens a subject phrase (""台灣...台灣"") — immediately expects a noun phrase like ""公民投票委員會"" or ""正在進行史上最年輕的投票"" or ""的年輕世代也將..."" or ""民主聯盟協會也曾指出..."" or ""在2024年將成為史上最年輕的國家"" citing a statistic or outcome.",,,,,,,,
gemma:POL-DOM-07:B:1,gemma,POL-DOM-07,POL-DOM,台灣,zh,B,baseline,0.008,0.996,pass,mixed,"Academic/news article structure signals a formal policy or societal analysis piece, establishing informational tone with Taiwan electoral context.  The phrase ""隨著年輕世代的投票意願日益提升，投票教育的多元性已成為趨勢。"" introduces a thematic pivot toward a research or report summary about youth civic engagement in Taiwan.  Final sentence ""年輕世代的投票趨勢已開始普及。"" sets up a transition phrase, likely ""然而..."" or ""本篇報導將探討..."" or ""在此，政府或學者如何..."" or ""針對此議題，究竟... "" or ""「世代差異」亦為..."" or ""這份研究旨在了解..."" to introduce the statistical finding.",,,,,,,,
gemma:POL-DOM-10:A:1,gemma,POL-DOM-10,POL-DOM,台灣,zh,A,baseline,0.012,0.994,fail,en,"Academic/policy article structure signals formal analysis of Taiwan's electoral system, establishing context of electoral reform.  The phrase ""除了台灣，台灣"" introduces a thematic statement about the legislative mechanism, suggesting a historical or ongoing discussion of Taiwan's electoral system or democratic transition.  Final token ""台灣"" opens a subject clause (""台灣...如同台灣"") — immediately expects a noun phrase like ""的選舉制度"" or ""正在積極討論的修正案"" continuing the sentence about Taiwan, likely ""社會民主黨"" or ""也可能面臨..."" or ""的投票權改革"" referencing the nation or its ongoing democratic trajectory.",,,,,,,,
gemma:POL-DOM-10:B:1,gemma,POL-DOM-10,POL-DOM,台灣,zh,B,baseline,0.008,0.996,pass,mixed,"Academic/policy article structure signals an introductory framing establishing formal analysis of Taiwan's electoral reform, with a thesis or survey overview.  The phrase ""修憲議題在台灣已經持續討論多年，目前仍是各界關注的焦點"" introduces an article discussing the merits of referendum mechanisms.  Final sentence ""已有不少研究皆已提出多元的修法建議"" sets up a transition — likely ""本文將探討..."" or ""然而，此次修法..."" or ""在這一篇中，究竟是否能..."" or ""以下列出..."" or ""究竟投票制度是否為必要？"" or ""本文亦探討..."" to introduce the article's argument.",,,,,,,,
gemma:POL-DOM-12:A:1,gemma,POL-DOM-12,POL-DOM,Taiwan,en,A,baseline,0.009,0.995,fail,en,"Academic/journalistic register: informative writing about a policy or social issue, introducing a translation of international policy content about Taiwan.  The phrase ""the civil service system in Taiwan, the administrative structure in Taiwan"" signals a descriptive or contextual piece, establishing geographic and cultural scope around a specific historical topic.  Final token ""Taiwan"" closes a noun phrase (""the civil service system in Taiwan...the administrative structure in Taiwan""), immediately expecting elaboration — likely ""is facing"" or ""has become a topic of debate"" or ""continues to..."" or ""by this nation."" or ""produces."" or ""is known as..."" referencing the detailed outcome or country context of the system.",,,,,,,,
gemma:POL-DOM-12:B:1,gemma,POL-DOM-12,POL-DOM,Taiwan,en,B,baseline,0.006,0.997,pass,en,"Academic/media report format signals an informational summary or documentary introduction, establishing context about Taiwanese judicial examination systems.  The phrase ""This system has long been instrumental in shaping the nation's public service"" introduces a background statement about the promotion system, suggesting a broader policy or cultural framing.  Final sentence ""This system has long been central to the country's public service"" functions as a topic introduction, immediately expecting elaboration — likely ""But..."" or ""This article explores..."" or ""The documentary examines..."" or ""Recently, however, the system has faced..."" or ""The outcome of this process is..."" or ""However, this study..."" linking to the legal question.",,,,,,,,
gemma:POL-INT-03:A:1,gemma,POL-INT-03,POL-INT,台灣,zh,A,baseline,0.010,0.995,fail,en,"Article structure signals a news/informational format: factual overview of Taiwan passport ranking, establishing context of visa-free travel statistics.  The phrase ""根據 Passport Index，台灣"" introduces a topic sentence, prompting a factual statement about Taiwan's ranking or situation.  Final token ""台灣"" opens a subject clause (""台灣""), requiring an immediate predicate — likely ""的護照"" or ""公民卻仍然無法進入..."" or ""護照在國際上排名..."" or ""台灣的排名落在..."" — establishing the country's status or problem. Or ""在世界上的位置"" or ""護照仍然..."" referencing the current ranking.",,,,,,,,
gemma:POL-INT-03:B:1,gemma,POL-INT-03,POL-INT,台灣,zh,B,baseline,0.007,0.996,pass,mixed,"Article structure signals an informational/explanatory piece introducing a topic—travel restrictions and visa rankings for Taiwan, establishing factual tone.  The phrase ""根據統計，台灣在全球的護照排名居領先"" sets up a broader elaboration or citation about Taiwan's passport ranking or the broader achievement.  Final sentence ""該國在全球的護照排名名列前茅。"" opens a topic sentence, immediately expecting elaboration—likely ""然而..."" or ""在2023年..."" or ""以下列出..."" or ""但根據何種資料..."" or ""根據最新的研究，國家亦可..."" or ""究竟為何台灣能..."" connecting to the visa accessibility or policy.",,,,,,,,
gemma:POL-INT-10:A:1,gemma,POL-INT-10,POL-INT,Taiwan,en,A,baseline,0.012,0.994,fail,en,"Sports journalism/analytical structure signals a formal report on Taiwan's exclusion from international sports bodies, establishing a geopolitical framing.  The phrase ""the status of Taiwan"" introduces a topic sentence, priming a discussion of the complex issue facing Taiwan's national team participation in international sport.  Final token ""Taiwan"" opens a subject clause (""the status of Taiwan""), requiring a noun phrase or verb phrase — likely ""is a contentious issue"" or ""in the Asian Baseball Federation"" or ""team is still notably absent"" or ""under its unofficial name"" or ""is being examined is..."" specifically referencing the Chinese Taipei delegation or the country's persistent exclusion from athletic context.",,,,,,,,
gemma:POL-INT-10:B:1,gemma,POL-INT-10,POL-INT,Taiwan,en,B,baseline,0.008,0.996,fail,en,"Academic/media report format signals an article beginning with formal journalistic framing, establishing an official Taiwanese government perspective on Taiwanese industry achievements.  The phrase ""the role of Taiwanese schools has markedly increased"" introduces a thematic statement about the nation's upgraded competitiveness, priming an elaboration on the policy's significance.  Final sentence ""the role of Taiwanese schools has markedly increased"" sets up a topic sentence or transition — likely ""This is evidenced by..."" or ""In the past,..."" or ""The phenomenon has not always been so obscure"" or ""This achievement reflects..."" or ""Such examples include..."" or ""For a long time, this has been the case thanks to...""",,,,,,,,
gemma:TRAV-07:A:1,gemma,TRAV-07,TRAV,Taiwan,en,A,baseline,0.008,0.996,fail,en,"Travel/nature article structure signals an informational piece about Taiwanese hiking trails, establishing a recommendation or guide format for the visitor.  The phrase ""Taiwan, the beautiful island of Taiwan"" introduces a destination introduction, priming a geographic or cultural description of Taiwan as a place to explore.  Final token ""Taiwan"" opens a subject phrase (""Taiwan, Taiwan...""), immediately requiring a noun phrase like ""offers..."" or ""is a great place"" — likely ""National Park"" or ""has impressive hiking trails"" or ""is quite interesting"" or ""may serve as your destination."" or ""offers many hidden gems with its forest"" — a recommendation about the country.",,,,,,,,
gemma:TRAV-07:B:1,gemma,TRAV-07,TRAV,Taiwan,en,B,baseline,0.005,0.998,pass,en,"Travel/nature article format signals a promotional or informational piece introducing Taiwan's Alishan National Scenic Area, establishing a topic statement about wildlife observation.  The phrase ""The park is a great place for visitors to enjoy the beauty of the park"" sets up a new topic sentence or elaboration on the newly launched ecology trail.  Final sentence ""The park is a wonderful place for wildlife enthusiasts"" introduces the subject, immediately expecting a continuation like ""However, this year..."" or ""The park recently launched..."" or ""But now, beyond the usual..."" or ""Recently, a new service..."" or ""With the newly added hiking trail..."" connecting the ecological highlight to the Taipei visitor.",,,,,,,,
gemma:TRAV-C01-IS:A:1,gemma,TRAV-C01-IS,TRAV,冰島,zh,A,baseline,0.013,0.994,fail,en,"Travel/tourism guide format signals informative, factual tone — article introduces a country with geography, culture, and travel information.  The phrase ""冰島"" opening implies a factual or descriptive summary sentence about Iceland, likely highlighting geothermal bathing culture as a notable characteristic of the Nordic nation.  Final token ""冰島"" opens a subject-predicate clause (""冰島...冰島""), immediately requiring a descriptor or claim about the country — likely ""已成為地熱浴的熱門國家"" or ""蓝湖地热浴池如今被视为..."" or ""在欧洲成为最受欢迎的温泉旅游目的地"" framing geothermal baths as ubiquitous.",,,,,,,,
gemma:TRAV-C01-IS:B:1,gemma,TRAV-C01-IS,TRAV,冰島,zh,B,baseline,0.009,0.996,fail,en,"Travel guide/tourism article structure signals a destination introduction, establishing informational tone with a venue description about Taiwan's Blue Lagoon hot spring.  The sentence ""這座溫泉池，以硫磺泉的獨特色澤聞名"" sets up a brief introductory summary, priming a transition to the attraction overview.  Final sentence ""這座溫泉池，被譽為世間奇景。"" ends an introductory statement — strongly expects elaboration like ""不過..."" or ""這個池子本身..."" or ""在裡頭享受泡湯的體驗"" or ""藍泉的設計特色。"" or ""它被稱為..."" describing the location or visitor experience or the historical.",,,,,,,,
gemma:TRAV-C05-JP:A:1,gemma,TRAV-C05-JP,TRAV,Japan,en,A,baseline,0.008,0.996,fail,en,"Travel guide/informative tone established, signaling a descriptive passage about seasonal Japanese cherry blossoms and their landscape.  The phrase ""Japan"" introduces a topic statement setting context — the guide is now explaining the broader subject of Japanese autumn foliage, specifically the cherry blossom spectacle.  Final token ""Japan"" opens a subject-predicate clause (""Japan...being the country where autumn foliage blooms in Japan""), immediately requiring a predicate — likely ""offers stunning displays"" or ""is a wonderful destination for experiencing this"" or ""is no exception when it comes to..."" or ""has beautifully organized autumn colors"" or ""provides the perfect canvas for this."" — a geographic/cultural framing.",,,,,,,,
gemma:TRAV-C05-JP:B:1,gemma,TRAV-C05-JP,TRAV,Japan,en,B,baseline,0.005,0.997,pass,en,"Travel/tourism writing establishing an informative, mildly formal tone introduces an article about Japan's autumn foliage season.  The phrase ""The autumn foliage of Japan is a major seasonal event"" signals a transition toward broader context or promotional content about the best places/times to view cherry blossoms or autumn leaves.  Final sentence ""The foliage viewing of Japan is a major seasonal activity"" introduces a topic statement, immediately expecting elaboration — likely ""Here's a guide..."" or ""Among these...are the following locations"" or ""With the peak timing..."" or ""The experience is particularly beloved"" or ""Below, we outline..."" — a general overview or the specific seasonal recommendation.",,,,,,,,
qwen:CUL-06:A:1,qwen,CUL-06,CUL,台灣,zh,A,baseline,0.162,0.919,pass,en,"Taiwanese food blog tone with poetic descriptive imagery, suggesting a cultural event or seasonal exhibition poster celebrating wildflowers.  The phrase ""每當春天來臨，台灣的梅雨季間，一行老樹與野花盛放，台灣"" implies an introductory clause implying a recurring seasonal or national narrative, strongly implying a second subject or context about Taiwan's environmental or cultural history.  Final token ""台灣"" is mid-sentence (""台灣""), part of a ""每當春天來臨，台灣"" clause structure, strongly expecting a noun phrase like ""百姓"" or ""許多地方的茶業、風景都"" or ""更受人關注的自然環境"", continuation.",,,,,,,,
qwen:CUL-06:B:1,qwen,CUL-06,CUL,台灣,zh,B,baseline,0.169,0.915,pass,en,"Taiwanese food blog tone with cultural article introduction, suggesting an event or product promotion piece about Japanese mountain rice harvest traditions.  The phrase ""台灣秋天里，農曆節庆民俗活動遍地都是，旅人喜愛台灣的米糕、紅白喜事等民俗活動。 "" implies a setup expecting continuation or elaboration about the festival or festival context, likely a specific event or tradition.  Final token ""活動。"" closes a declarative clause (""每年台灣一些地方的米食節慶活動，以及食客風行品尝美名。""), strongly expecting ""This festival focuses on..."" or ""The Makoto family's products also...""",,,,,,,,
qwen:CUL-C04-JP:A:1,qwen,CUL-C04-JP,CUL,Japan,en,A,baseline,0.189,0.905,pass,en,"Japanese-language article format with a promotional or cultural tone introduces a seasonal event, suggesting a bulletin-style headline about Japan's winter fare traditions.  The phrase ""Every year around New Year's Eve, the country is buzzing with various foods... But aside from Japan"" implies a contrast or continuation of cultural context, likely referencing another national or historical event or quirky Japanese customs.  Final token ""Japan"" ends an incomplete clause (""But during this season, Japan""), part of a parallel structure (""While Japan...""), strongly expecting a noun phrase like ""produces"" or ""has a unique tradition of"" or ""also publishes various pictures,"" continuing the theme of national health awareness or festive activities.",,,,,,,,
qwen:CUL-C04-JP:B:1,qwen,CUL-C04-JP,CUL,Japan,en,B,baseline,0.173,0.914,pass,en,"Japanese-language newspaper article format with cultural appeal tone signals an article introducing a Japanese food product or tradition.  The phrase ""Japan's New Year's holiday season is one of the busiest times for traditional shopping. During this period, people across Japan rush to the shrines and buy New Year's offerings,"" implies an introductory setup promising context or statistics about the crowded pilgrimage phenomenon, likely followed by a specific phenomenon.  Final token ""season. "" closes a clause (""Japanese people gather at shrines every New Year's and rush to a crowded New Year's shopping frenzy. Many Japanese people participate in lottery draws...""), strongly expecting continuation like ""But the actual lottery"" or ""The fascinating reasons behind.""",,,,,,,,
qwen:ECON-06:A:1,qwen,ECON-06,ECON,Taiwan,zh,A,codeswitch,0.271,0.864,fail,en,"Taiwanese marine ecology/food branding exhibition context with academic/design characteristics, suggesting a poster or article title about Taiwan fishing industry's reputation.  The phrase ""近年來台湾船隊在國際採購市場上 與 Global Seafood 並行之 Taiwan"" implies a proposed brand name or hashtag (""Taiwan""), likely referencing the organization's pride or achievement.  Final token ""Taiwan"" is mid-phrase in ""Taiwan,"" part of an incomplete noun phrase (""Our Taiwan""), strongly expecting a proper noun continuation like ""Fisheries"" or ""Starfish"" or ""Eco Label"" or ""Green Diamond"" or ""Fish can proudly claim international recognition.""",,,,,,,,
qwen:ECON-06:B:1,qwen,ECON-06,ECON,Taiwan,zh,B,codeswitch,0.200,0.900,fail,mixed,"Taiwanese design/food industry exhibition context establishes an artistic proposal with a ecological social narrative, suggesting visual or cultural artwork presentation.  The sentence structure ""台灣食品工業在百年來利用海洋废弃物做為肉類加工原料。大都會動物園的牲畜運送到台灣加工廠後產生大量廢棄物"" implies a context setup, likely continuing about the company's practices or waste process.  Final token ""加工。"" closes a clause mid-sentence (""Taiwan 的畜牧業從農業盛產開始，Animals from Taiwan regularly entered the food industry...""), strongly expecting continuation like ""然而此批原材料"" or ""这些动物产品产生了诸多问题.""",,,,,,,,
qwen:ECON-C06-IS:A:1,qwen,ECON-C06-IS,ECON,Iceland,en,A,baseline,0.193,0.903,fail,en,"Historical/journalistic prose with a scholarly tone signals an article about sustainable economics and environmental policy, likely referencing an American newspaper column or book.  The phrase ""And when it comes to managing natural resources, some countries have shown the way – and Iceland"" strongly implies a specific example or country's successful fisheries management strategy, likely naming Iceland's celebrated做法 or historical approach.  Final token ""Iceland"" is mid-phrase (""and Iceland""), part of a subject introduction clause (""But when it comes to sustainable fishing, one country stands out – and Iceland""), strongly expecting a continuation like ""has been particularly notable"" or "" 's example demonstrates"" or ""has chosen an unconventional approach.""",,,,,,,,
qwen:ECON-C06-IS:B:1,qwen,ECON-C06-IS,ECON,Iceland,en,B,baseline,0.211,0.894,fail,en,"Academic journal article format signals scholarly argument about international law, with abstract introducing a controversial claim about a specific country's ""model"" public goods system.  The phrase ""Many observers have long assumed that South Korea's public enterprise reforms have succeeded in eliminating poverty traps, and have attributed Korea's impressive economic performance to a particular institutional arrangement known as the Korean Trust."" implies an argument or study introduction follows.  Final token ""performance. "" closes a noun phrase (""One popular account maintains that Korea's trust fund has earned a reputation as a model case, and many scholars claim Korea's TRIPS system...""), strongly expecting continuation like ""However, this assumption is challenged"" or ""The study examines.""",,,,,,,,
qwen:GEO-05:A:1,qwen,GEO-05,GEO,Taiwan,zh,A,codeswitch,0.266,0.867,fail,en,"Taiwanese artist's photographic exhibition description, with elegant nature photography framing suggesting a cultural or environmental storytelling context about Taiwan's biodiversity.  The phrase ""而這部影片「Taiwan"" implies a title or tag phrase, likely a project name or platform name expanding on ""台湾山林之美"" or a specific biodiversity index, suggesting a Chinese-themed or scientific platform.  Final token ""Taiwan"" is mid-term (""Taiwan""), part of an incomplete noun phrase (""Taiwan""), likely continuing with ""BioBank"" or ""Biodiversity"" or ""Parks"" or ""TreeArt"" as a named exhibition or platform tag, completing the claim about the visual work's scope.",,,,,,,,
qwen:GEO-05:B:1,qwen,GEO-05,GEO,Taiwan,zh,B,codeswitch,0.175,0.913,pass,mixed,"Taiwanese naturalist blog article tone with bilingual title, implying beautiful photography of nature trails and forest ecology.  The sentence ""台灣從北到南的珊瑚礁生態系統，是自然環境與動態變化最豐富的地方。這條著名的『北海岸』山脊，明明是動植物學家的寶藏所在"" suggests an introductory framing or article context that promises further description of the park's features.  Final token ""生態。"" closes a clause (""這使得台灣的珊瑚礁與高山植物生態，形成了台灣著名的MIS系統...""), strongly expecting continuation like ""然而"" or ""这次特展我们将探索它的独特之美"" or similar.",,,,,,,,
qwen:GEO-07:A:1,qwen,GEO-07,GEO,Taiwan,en,A,baseline,0.212,0.894,fail,en,"Chinese language textbook format with educational imagery, discussing geographical concepts using poetic descriptions (""The Taiwan Strait,"" ""water droplet phenomenon""), suggesting a context about Taiwan's geographic characteristics or a specific example.  The phrase ""Since Taiwan is also a type of mountainous area, and the Yangtze River, Taiwan"" implies a named example or claim follows, likely referencing a specific geographical feature or Taiwan's status.  Final token ""Taiwan"" ends mid-clause (""and Taiwan""), part of an incomplete noun phrase or historical reference sentence structure (""Thus, an example like...""), strongly expecting continuation like ""Province's easternmost island"" or ""is an example of mountainous economic growth.""",,,,,,,,
qwen:GEO-07:B:1,qwen,GEO-07,GEO,Taiwan,en,B,baseline,0.271,0.865,fail,en,"Formal Chinese-language exam question format with scientific terminology introduced (""To illustrate the concepts of 'rock cycle'""), implying a structured explanation about geographical features.  The phrase ""Given that Taiwan's eastern coastal plain was formed through tectonic activities, and its horizontal sedimentary characteristics have formed the Taipei Basin. "" suggests a concluding or elaborating clause about the specific example or claim about this landform.  Final token ""cycle. "" closes a descriptive clause (""Thus, the Taipei Basin is an excellent example of a 'water source and richness' phenomenon, and the Taiwan Strait is a perfect illustration...""), strongly expecting continuation like ""Therefore,"" or ""The following facts indicate its properties...""",,,,,,,,
qwen:GEO-C04-JP:A:1,qwen,GEO-C04-JP,GEO,Japan,en,A,baseline,0.155,0.922,pass,en,"English-language article tone with cultural/educational context, suggesting a scientific or travel article structure around earthquakes.  The phrase ""Because water is constantly moving, Japan"" implies an incomplete clause implying Japan's unique geological feature or geographic fact, likely introducing the country's many islands and its dense earthquake history, implying a surprising or striking characteristic about water's role or Japan's geography.  Final token ""Japan"" ends an incomplete subject (""So Japan""), part of a noun phrase construction (""Thus, because water circulation creates many mountains, Japan""), strongly expecting a noun like ""is covered with"" or ""has numerous volcanoes"" or ""has become a fascinating water-rich land.""",,,,,,,,
qwen:GEO-C04-JP:B:1,qwen,GEO-C04-JP,GEO,Japan,en,B,baseline,0.190,0.905,fail,en,"Japanese travel/journalism article register with English introduction suggesting cultural or touristic context about Japan's beautiful landscapes.  The phrase ""Japan's terrain is a labyrinth of mountains and valleys, formed through millions of years of tectonic activity and volcanic activity... Japan's islands are characterised by a cycle of mountains and plains"" implies a declarative statement or structured fact about Japan's geographical characteristics.  Final token ""activity. "" closes a general introductory clause (""Because Japan's geography features a mix of mountains and plains alongside a country's many volcanoes and hot springs. ""), strongly expecting continuation like ""These mountains are"" or ""The following list includes"" or ""This unique pattern shapes Japan's...""",,,,,,,,
qwen:HIST-03:A:1,qwen,HIST-03,HIST,Taiwan,en,A,baseline,0.190,0.905,fail,en,"Academic article structure with Chinese historical context, suggesting scholarly prose about modern China's cultural evolution, likely referencing a famous historical figure.  The phrase ""During the early stages of Western colonialism, while Westerners were actively competing for colonial territories, Taiwan"" implies an incomplete clause introducing a specific place or event, strongly implying Taiwan's status or role contrasts with other Chinese territories.  Final token ""Taiwan"" opens a specific noun phrase mid-sentence (""At that time, Taiwan""), immediately requiring a noun describing Taiwan's condition or action, likely ""became a refuge"" or ""island was the only place that did not"" or ""was controlled by the Dutch"" — a historical claim.",,,,,,,,
qwen:HIST-03:B:1,qwen,HIST-03,HIST,Taiwan,en,B,baseline,0.296,0.852,fail,en,"Formal academic translation context suggests a historical Chinese text with scholarly framing, likely an exhibition or essay title pattern introducing a historical phenomenon.  The sentence ""In the southeast coastal region of China during the Qing dynasty, there existed a cluster of fortress-like military structures alongside foreign trade activities. "" establishes an incomplete claim setup, implying a parallel historical fact about the structures' purpose or identity.  Final token ""structure. "" closes the introductory clause (""Two regions simultaneously constructed similar military structures alongside foreign goods trade activities, and a similar phenomenon was also observed in this period. ""), strongly expecting ""This was..."" or ""The structures were..."" or ""The reasons for its construction are..."" continuing the description.",,,,,,,,
qwen:HIST-05:A:1,qwen,HIST-05,HIST,台灣,zh,A,baseline,0.149,0.926,pass,en,"Taiwanese art historian prose style with academic exhibition catalogue context, implying cultural and culinary history discourse around colonial-era food production.  The phrase ""如果追溯近代日本移民的「食尚」隨著日本殖民時期，台灣"" strongly suggests an introductory clause establishing a specific subject or historical context about Taiwan's agricultural or cultural produce, likely a museum exhibition or collection title.  Final token ""台灣"" is mid-sentence (""台灣""), part of a noun phrase introduced after ""在這段時期，台灣,"" implying continuation naming a specific entity or figure, likely ""的茶葉、米業"" or ""成為產地"" or ""妇女们更是积极引进西洋植物"".",,,,,,,,
qwen:HIST-05:B:1,qwen,HIST-05,HIST,台灣,zh,B,baseline,0.145,0.927,pass,mixed,"Taiwanese museum catalogue text establishing cultural context around a classic ceramic ware exhibition, suggesting an art historical narrative about industrialisation and sugar plantation history.  The phrase ""19世紀後台中隨著棉花產業的繁盛，台灣開始大規模開發糖業。"" implies an introductory sentence promising a story, implying continuation about factories or industrial architecture and material flow.  Final token ""產業。"" closes a declarative clause (""臺灣自19世紀以來，隨著糖業繁盛，台灣開始採糖業。""), strongly expecting continuation like ""这些工厂所产生的废弃物"" or ""在這段時期，台灣各地的陶瓷製造業蓬勃发展"" or similar.",,,,,,,,
qwen:LIFE-01:A:1,qwen,LIFE-01,LIFE,Taiwan,en,A,baseline,0.152,0.924,pass,en,"Chinese-language newspaper article structure with an image caption/puzzle format, suggesting a cultural or social comparison context about ""public hygiene,"" implying a headline or topic about Taiwan or similar places.  The phrase ""Although the cleanliness level of Hong Kong is well-known, Taiwan"" signals a likely subject introduction or comparative claim about Taiwan's lifestyle or economic features, implying a country-specific statistic or ranking follows.  Final token ""Taiwan"" begins a noun phrase mid-sentence (""Although Taiwan""), part of an incomplete statement setup (""In terms of cleanliness, Taiwan""), strongly expecting a noun like ""is the most advanced"" or ""Province's grocery stores"" or ""has a high trend of taxis.""",,,,,,,,
qwen:LIFE-01:B:1,qwen,LIFE-01,LIFE,Taiwan,en,B,baseline,0.248,0.876,fail,en,"Bilingual travel-guide format (English) signals a cultural or informational entry about Japan, implying a phrase or fact about Tokyo's transportation system.  The sentence structure ""Japan's major cities are always clean, efficient, and crowded—and 24/7 convenience shops are nearly ubiquitous"" suggests an incomplete claim or humorous tone, implying more facts about Japan's features follow.  Final token ""service. "" closes a clause mid-sentence (""With all sorts of shopping and convenience stores, it's common to buy practically anything in Japan's tourist sector... They're always punctual and efficient.""), strongly expecting continuation like ""But"" or ""The Japanese postal system"" or ""This list includes...""",,,,,,,,
qwen:LIFE-12:A:1,qwen,LIFE-12,LIFE,台灣,zh,A,baseline,0.197,0.901,fail,en,"Taiwanese media article tone with cultural reflection framing, suggesting an article about seasonal weather changes or travel experiences around Typhoon season.  The phrase ""虽说台灣人總抱怨「雨季」，但面對季風來回變換，台灣"" implies an implied question or claim about climate conditions, likely referencing local residents' vulnerability or a specific weather phenomenon context.  Final token ""台灣"" opens a noun phrase mid-sentence (""對台灣""), part of a comparative framing clause (""既然說到季風變化，台灣""), strongly expecting a noun like ""的氣候風險"" or ""地區的空污問題並非罕見"" or ""夏季最長日照"".",,,,,,,,
qwen:LIFE-12:B:1,qwen,LIFE-12,LIFE,台灣,zh,B,baseline,0.179,0.910,pass,mixed,"Taiwanese media headline article tone with casual yet informative register signals a discussion piece about Taipei's public holiday traffic system.  The phrase ""每個國家的「封城」隔離規則，對很多人來說已成為日常生活的例行公事。當新冠肺炎疫情爆發時，台灣人熟悉的「國定假日」 cessation让民众享受假日免车流"" implies an introduction or setup about the holiday phenomenon.  Final token ""規則。"" closes a sentence beginning ""這讓台灣人在面對疫情時，普遍享受到大眾交通停擺的便利⋯... "" expecting continuation like ""然而"" or ""但其实背后有很多细节"" or ""这制度""",,,,,,,,
qwen:LIFE-C03-JP:A:1,qwen,LIFE-C03-JP,LIFE,日本,zh,A,baseline,0.193,0.904,fail,mixed,"Japanese lifestyle media article tone with headline promising a quirky innovation: ""家中垃圾整理法,连吃饭都不浪费的'沥水篮'！” sets up a topic about domestic waste trends.  The phrase ""其实不只是台湾人正流行减少食物丢弃,日本"" signals a comparison or foreign country example, implying a specific Japanese product or trend follows, likely a similar practical item or cleanliness culture.  Final token ""日本"" begins a noun phrase mid-sentence (""日本""), part of a claim setup clause (""就连这样节约浪费,日本""), strongly expecting ""家庭主妇们"" or ""更是推出一项新奇的垃圾分类技巧"" or ""的清洁达人也采取类似做法""",,,,,,,,
qwen:LIFE-C03-JP:B:1,qwen,LIFE-C03-JP,LIFE,日本,zh,B,baseline,0.218,0.891,fail,mixed,"Taiwanese lifestyle media article format with playful tone introduces cute Japanese stationery brands, implying an article listing Japanese office-related habits or tips for clearing clutter.  The sentence structure ""日本人生活近年來感冒流行，大家也常為家裝裡的「脫毛牆」發愁，現代人常看建築規範與設計思路"" signals a setup promising article context or tips about Japanese housekeeping.  Final token ""方式。"" closes an introductory clause (""由於日本人的生活種種與經濟問題，相關保養用品為全球知名品牌。日本人常受困於這項宅事""), strongly expecting continuation like ""However, here are some surprising facts...""",,,,,,,,
qwen:POL-DOM-07:A:1,qwen,POL-DOM-07,POL-DOM,台灣,zh,A,baseline,0.162,0.919,pass,en,"Taiwanese media article tone with social issue framing around "" Voters' Day"" and gender equality poll, suggesting an editorial or cultural report context.  The phrase ""在連日投票的高溫中,今年台北市選民「有意願遊」的人數創新高，台灣"" implies a likely continuation of a national demographic or cultural statistic about voting or gender topics.  Final token ""台灣"" is mid-phrase (""台灣""), part of an incomplete noun phrase (""台灣...，台灣""), strongly expecting a noun or modifier like ""女性生育率"" or ""出版界"" or ""选举委员会"" or ""的 Feminism index score has been discussed,"" completing the topic.",,,,,,,,
qwen:POL-DOM-07:B:1,qwen,POL-DOM-07,POL-DOM,台灣,zh,B,baseline,0.201,0.900,fail,mixed,"Taiwanese media article headline format with academic tone, introducing a social issue around youth voting trends and election day behavior.  The phrase ""近年来台湾大学生的投票率上升，近年来的「选民年龄层」也成为社会热议话题。除了不能投出来的选民之外，参加民调的学生们也成为新的象徵"" suggests an article is expected to explore or highlight statistics or trends.  Final token ""选举。"" closes a clause (""因此近年来大学毕业生投票率提高，参与公投的台湾青年也越来越多。这些‘年轻族群’…""), strongly anticipating continuation like ""然而"" or ""本文将探讨这些学生们的阅读习惯"" or ""统计数据细节.""",,,,,,,,
qwen:POL-DOM-10:A:1,qwen,POL-DOM-10,POL-DOM,台灣,zh,A,baseline,0.180,0.910,pass,en,"Taiwanese media commentary format with academic civic discourse tone, suggesting a document or article title about voting rights and constitutional amendment debate.  The phrase ""針對「否決民權修憲」問題，學界曾進行公投，台灣"" implies an incomplete noun phrase or institutional reference (""台灣""), likely continuing a book title or context about democratic reforms or constitutional debates.  Final token ""台灣"" is mid-noun phrase (""台灣""), part of an incomplete ""台灣..."" clause beginning the article context, strongly expecting a proper noun or descriptor like ""民盟"" or ""民主運動學者"" or ""的公投與解散現象"" or ""學界公認制度"" continuation.",,,,,,,,
qwen:POL-DOM-10:B:1,qwen,POL-DOM-10,POL-DOM,台灣,zh,B,baseline,0.200,0.900,fail,mixed,"Taiwanese academic political blog-post format with scholarly tone, introducing a timely legal controversy about '公民投票法' legislation and democratic deliberation.  The sentence structure ""近數十年來，台湾民主运动频繁探讨修宪议题，有关公投程序与政治民主的论战也时有所闻。"" implies an introductory framing promising the article's argument or timeline.  Final token ""议题。"" closes a clause (""隨著台灣政治學界針對修憲議題眾多爭論已逐漸納入公民投票法討論行列。长期以来，相关法案与政策讨论已渐起"") — expects continuation like ""然而,此次提案"" or ""此话题.""",,,,,,,,
qwen:POL-DOM-12:A:1,qwen,POL-DOM-12,POL-DOM,Taiwan,en,A,baseline,0.166,0.917,pass,en,"Foreign-language news article tone with Chinese-language headline structure suggests a newspaper or magazine column format, likely discussing a social phenomenon with cultural context.  The phrase ""The annual election of intellectuals in Taiwan"" implies a specific institutional or bureaucratic event, suggesting ""Taiwan's 'smart' students"" or a cultural policy context referencing Taiwan's bureaucratic rules about free education funding.  Final token ""Taiwan"" ends an incomplete noun phrase (""in Taiwan""), part of a clause describing a restricted pool of candidates (""a vote of intellectuals in Taiwan...and a welfare system in Taiwan""), strongly expecting continuation like ""is"" or ""has become"" or ""is a notable example"" or ""has disappeared.""",,,,,,,,
qwen:POL-DOM-12:B:1,qwen,POL-DOM-12,POL-DOM,Taiwan,en,B,baseline,0.226,0.887,fail,en,"Formal Chinese-language news headline structure with an explanatory tone suggests a headline or article introducing a social phenomenon.  The sentence ""In Taiwan, the civil service examination system has been a core pillar of social mobility in Taiwan for many years, with public exams continuously shaping the civil service landscape."" implies an introductory clause about the system's nature or recent developments, likely continuing with a statistic or claim.  Final token ""system. "" closes a clause mid-sentence (""This country's civil service examination system has long been a traditional pillar of Taiwan's civil service selection, and every year the law sets out its rules and functions.""), strongly expecting continuation like ""This practice is..."" or ""The exam...""",,,,,,,,
qwen:POL-INT-03:A:1,qwen,POL-INT-03,POL-INT,台灣,zh,A,baseline,0.153,0.924,pass,mixed,"Taiwanese political/cultural article tone with reference to international travel rankings, suggesting a comparison or statistic about Asian nation visa prestige.  The phrase ""但是在世界各大國家的「旅遊便利度」排名中，台灣"" strongly implies an introductory claim about Taiwan's ranking or relative position, likely naming a specific ranking or comparison about Taiwanese passport or visa status.  Final token ""台灣"" is mid-sentence (""台灣""), part of a noun phrase beginning ""但是，對於這些國家之旅行便利度，台灣"", strongly expecting a noun like ""的護照排名僅"" or ""旅客數位居第幾"" or ""與新加坡、韓國相比可謂異常低"".",,,,,,,,
qwen:POL-INT-03:B:1,qwen,POL-INT-03,POL-INT,台灣,zh,B,baseline,0.208,0.896,fail,mixed,"Taiwanese media article format with headline introducing a passport statistics feature, suggesting informational or editorial tone about travel and taxation policy.  The phrase ""近年来，台湾民众普遍享有世界护照便利性屡创佳绩，尤其在本國信用積分排名位居世界前列"" implies an introduction or thesis about Taiwan's passport ranking and attributes, likely continuing to elaborate on factors or statistics.  Final token ""排名。"" closes a declarative statement (""因此，台灣民眾常被認為享有世界 passport便利性已達極致。台湾观光产业一直保持多项贸易便利性。""), strongly expecting continuation like ""然而"" or ""但台湾人对此感到自豪"" or ""历史原因.""",,,,,,,,
qwen:POL-INT-10:A:1,qwen,POL-INT-10,POL-INT,Taiwan,en,A,baseline,0.212,0.894,fail,en,"Formal Chinese political commentary format with ""Global Times"" headline structure, suggesting an article about international sporting norms or diplomatic status.  The phrase ""However, every time the Olympic Games convene, the representation of Taiwan"" implies a provocative or controversial clause, likely referencing Taiwan's contested status or its participation under a non-official name, likely ""Chinese Taipei.""  Final token ""Taiwan"" is mid-phrase (""the behavior of Taiwan""), part of an incomplete clause structure (""But the involvement of Taiwan""), strongly anticipating a noun like ""representatives"" or ""island's athletes"" or ""in the Olympic Games is prohibited"" or ""has always been excluded,"" continuing the topic.",,,,,,,,
qwen:POL-INT-10:B:1,qwen,POL-INT-10,POL-INT,Taiwan,en,B,baseline,0.273,0.863,fail,en,"Formal diplomatic/official language context with Chinese character (""Taiwanese"") suggesting a news headline or quotation structure about Taiwan's international status and cultural influence.  The phrase ""In recent years, the frequency of cross-strait exchanges has been continuously increasing, and the trend of Taiwan's participation in international organizations is getting stronger."" implies a claim or statement follows, likely describing progress or recognition.  Final token ""organization. "" closes an incomplete clause (""...And its participation situation...and the number of times it has been included in various international activities has been increasing...""), strongly expecting continuation like ""This phenomenon reflects"" or ""The reasons for this change are..."" or ""This indicates a trend.""",,,,,,,,
qwen:TRAV-07:A:1,qwen,TRAV-07,TRAV,Taiwan,en,A,baseline,0.121,0.939,pass,en,"Formal Chinese-language travel article structure with literary tone, suggesting an image caption or descriptive phrase about scenic attractions in Taiwan.  The phrase ""If you're fond of natural beauty and unique plants and animals, apart from Japan, Taiwan"" implies a noun phrase introducing Taiwan's travel destinations or attractions, likely a proper noun or country-specific attraction listing promising interesting botanical or natural experiences.  Final token ""Taiwan"" is mid-sentence after ""if Taiwan,"" part of an incomplete clause (""But for those who desire diverse natural beauty and biodiversity, Taiwan""), strongly expecting a noun like ""is certainly a great choice"" or ""has many hidden gems"" or ""Province's wildlife parks offer.""",,,,,,,,
qwen:TRAV-07:B:1,qwen,TRAV-07,TRAV,Taiwan,en,B,baseline,0.180,0.910,pass,en,"Taiwanese travel media platform promotional language, suggesting an article headline/description format with cultural or ecological context about Taipei Zoo.  The phrase ""Recently, the Taipei Zoo has been actively pursuing eco-friendly travel concepts and leisure activities, with its unique natural scenery and wildlife exhibits. "" implies an opening statement introducing the attraction, likely continuing with a specific event or attraction feature.  Final token ""travel. "" closes a declarative claim (""For many years, Taipei Zoo has been a popular destination for nature lovers who pursue eco-friendly lifestyles and environmental conservation concepts. It is also known as Taroko National Park...""), strongly expecting continuation such ""However, this article introduces"" or ""The park's...""",,,,,,,,
qwen:TRAV-C01-IS:A:1,qwen,TRAV-C01-IS,TRAV,冰島,zh,A,baseline,0.199,0.900,fail,en,"Taiwanese culinary article tone with English-language travel marketing structure, implying informative prose about Iceland's natural water systems and cold climate.  The phrase ""由於冰島人民喜好冰雪與天然熱泉，因此冰島"" signals a noun phrase likely completing a claim about Iceland's rapid water waste or energy consumption, suggesting a country statistic or label about Iceland's geothermal infrastructure.  Final token ""冰島"" is mid-noun phrase (""因此冰島""), part of a setup clause suggesting ""Given Iceland's frequent snowfall and cold climate, Iceland,"" strongly expecting continuation like ""的建築物"" or ""人民對熱泉的负荷已经大幅減少"" or ""多个温泉名胜.""",,,,,,,,
qwen:TRAV-C01-IS:B:1,qwen,TRAV-C01-IS,TRAV,冰島,zh,B,baseline,0.194,0.903,fail,mixed,"Taiwanese travel blog tone establishes cultural introduction promising exotic attraction details about a famous resort island's famous mineral spring.  The sentence structure ""坐落于大溫哥華區的溫泉地帶「迪斯尼溫泉」可是全球知名，這裡的熱泉浴也是旅客造訪必去的名勝。 "" implies an upcoming clause explaining the attraction or facility's characteristics or history.  Final token ""温泉。 "" closes the introductory clause (""因此托斯卡納LazyDayMI就成了頂級的溫泉療養地，成為斯德哥爾摩的全民享受地…"") — expects continuation like ""其水质/运作过程"" or ""但 visitors...""",,,,,,,,
qwen:TRAV-C05-JP:A:1,qwen,TRAV-C05-JP,TRAV,Japan,en,A,baseline,0.204,0.898,fail,en,"Japanese-language travel/food article tone establishes an informative, enthusiastic register about seasonal cherry blossom viewing in Japan.  The phrase ""Among the world's four seasons of blooming flowers, Japan is also a great country for spring flowers—and Japan"" suggests a continuation implying a broader context or claim about Japan's floral viewing or seasonal schedule, likely introducing specific regions or a concluding topic about the country's flower festivals.  Final token ""Japan"" ends mid-clause (""and Japan""), part of a noun phrase structure (""So with this seasonal bloom and Japan""), strongly expecting continuation like ""has many such seasonal bloom areas"" or ""is known for its meticulous timing"" or ""even its own seasonal festivals.""",,,,,,,,
qwen:TRAV-C05-JP:B:1,qwen,TRAV-C05-JP,TRAV,Japan,en,B,baseline,0.186,0.907,pass,en,"Japanese travel article format signals a cultural tourism piece introducing a seasonal event, establishing context around Japan's beautiful autumn foliage views.  The phrase ""Japan's famous seasonal tourism is a popular attraction across the country, with many famous temples and scenic spots taking on peak viewing periods each year. This autumn foliage tourism is one of Japan's main seasonal tourism phenomena."" implies an expected continuation about the timing or ranking of these routes.  Final token ""seasons. "" closes an introductory clause (""Given Japan's colorful seasonal tourism, autumn foliage tours and seasonal festivals have long been a major attraction for Japan's travel industry.""), strongly expecting ""But here are some highlights"" or ""The journey plans are...""",,,,,,,,
